route_id,agency_id,route_short_name,route_long_name,route_type,route_color,route_text_color
15263,OP2716,"","92",3,FFBE00,000000
15025,OP2716,"","370",3,82C8E6,000000
15124,OP2716,"","40",3,82C8E6,000000
15001,OP2716,"","N42",3,DC9600,000000
14948,OP2716,"","251",3,FF1400,FFFFFF
15272,OP2716,"","368",3,D2D200,000000
26038,OP5842,"A02 SDU","A02 Saint Denis Université",3,709974,FFFFFF
25807,OP5842,"A01 PPM","A01 Paris Porte Maillot",3,0000CC,FFFFFF
28909,OP5842,"A04 VIL","A04 Paris La Villette",3,003DA5,FFFFFF
20626,OP4390,"","3",3,B100BD,FFFFFF
20629,OP4390,"","14",3,0055FA,FFFFFF
20628,OP4390,"","7",3,82DC73,000000
23530,OP4390,"","MONTBUS",3,82DC73,000000
24190,OP4390,"CLAM","ClamiBus",3,F4C931,000000
20660,OP4390,"","AMIBUS",3,3C91DC,000000
19537,OP4390,"FONT","Le Petit Fontenaisien",3,FF82B4,000000
20630,OP4390,"HIRO","L'Hirondelle",3,00643C,FFFFFF
20627,OP4390,"","6",3,FF1400,FFFFFF
32143,OP3931,"EX01","Express 1",3,3C91DC,FFFFFF
18912,OP3931,"","8",3,EA9999,000000
15447,OP3931,"","10",3,A0006E,FFFFFF
15449,OP3931,"","21",3,783F04,FFFFFF
18948,OP3931,"","R4",3,9E2784,FFFFFF
959,OP3931,"","R5",3,FECF00,000000
19240,OP3931,"R2N","R2 Nord",3,9FC5E8,FFFFFF
19241,OP3931,"R2S","R2 Sud",3,0055C8,FFFFFF
12955,OP3931,"","R1",3,E34611,FFFFFF
19242,OP3931,"R3N","R3 Nord",3,A2C119,000000
19243,OP3931,"R3S","R3 Sud",3,A2C119,000000
29965,OP3931,"","N153",3,ED262A,FFFFFF
27193,OP3931,"A14","Express A14 Chambourcy",3,3C91DC,FFFFFF
18679,OP3931,"Soir","Soir Saint-Germain-en-Laye",3,652C8F,FFFFFF
19539,OP3931,"TàD","TàD 78",3,FECB00,000000
22838,OP3931,"","11",3,FF5A00,000000
30229,OP3931,"","12",3,82C8E6,000000
23299,OP3931,"","9",3,D282BE,000000
32144,OP3931,"","15",3,B6D7A8,FFFFFF
941,OP3931,"","18s",3,FBE800,000000
19012,OP3931,"","21s",3,00A092,FFFFFF
32875,OP3961,"","2423",3,00643C,FFFFFF
32876,OP3961,"","2424",3,82C8E6,000000
32879,OP3961,"","2427",3,FF82B4,000000
32881,OP3961,"","2403",3,DC9600,000000
32882,OP3961,"","2411",3,D2D200,000000
32883,OP3961,"","2415",3,0055C8,FFFFFF
32885,OP3961,"","2426",3,FF82B4,000000
32886,OP3961,"","2417",3,D282BE,000000
32888,OP3961,"","2405",3,FFBE00,000000
32889,OP3961,"","2420",3,00643C,FFFFFF
32890,OP3961,"","7708",3,3C91DC,FFFFFF
20527,OP3961,"","N130",3,0A0082,FFFFFF
32892,OP3961,"","2412",3,6E491E,FFFFFF
32893,OP3961,"","2413",3,DC9600,000000
32894,OP3961,"","2414",3,D282BE,000000
32895,OP3961,"","2490",3,FF82B4,000000
32896,OP3961,"","2491",3,640082,FFFFFF
32901,OP3961,"","2474",3,00A092,FFFFFF
32902,OP3961,"","2476",3,FFBE00,000000
32905,OP3961,"","2464",3,0055C8,FFFFFF
32906,OP3961,"","2465",3,FF82B4,000000
32908,OP3961,"","2416",3,3C91DC,FFFFFF
32909,OP3961,"","2471",3,82C8E6,000000
32910,OP3961,"","2456",3,00A092,FFFFFF
32911,OP3961,"","2461",3,82C8E6,000000
32912,OP3961,"","2462",3,6E491E,FFFFFF
32913,OP3961,"","2473",3,DC9600,000000
32916,OP3961,"","2453",3,640082,FFFFFF
32919,OP3961,"","2457",3,6E491E,FFFFFF
32920,OP3961,"","2458",3,A50034,FFFFFF
32921,OP3961,"","2459",3,640082,FFFFFF
32922,OP3961,"","2482",3,82DC73,000000
32924,OP3961,"","2475",3,A50034,FFFFFF
32925,OP3961,"","2470",3,6E6E00,FFFFFF
32927,OP3961,"","2485",3,FFBE00,000000
32928,OP3961,"","7717",3,3C91DC,FFFFFF
32877,OP3961,"","2425",3,A50034,FFFFFF
32931,OP3961,"","2450",3,FF5A00,000000
32897,OP3961,"","2418",3,640082,FFFFFF
32898,OP3961,"","2481",3,0055C8,FFFFFF
32870,OP3961,"","2404",3,DC9600,000000
32899,OP3961,"","2483",3,6E491E,FFFFFF
32871,OP3961,"","2422",3,FFBE00,000000
32872,OP3961,"","2428",3,D282BE,000000
32873,OP3961,"","2406",3,FF1400,FFFFFF
32929,OP3961,"","2407",3,D2D200,000000
32874,OP3961,"","7712",3,3C91DC,FFFFFF
32903,OP3961,"","2460",3,D2D200,000000
32907,OP3961,"","2466",3,00643C,FFFFFF
32891,OP3961,"","2401",3,FF1400,FFFFFF
32880,OP3961,"","2402",3,0055C8,FFFFFF
32884,OP3961,"","2419",3,A50034,FFFFFF
32930,OP3961,"","2472",3,FFBE00,000000
32914,OP3961,"","2451",3,A0006E,FFFFFF
32915,OP3961,"","2452",3,82DC73,000000
32917,OP3961,"","2454",3,FF82B4,000000
32918,OP3961,"","2455",3,00A092,FFFFFF
32923,OP3961,"","2480",3,FF5A00,000000
32887,OP3961,"","2429",3,00643C,FFFFFF
32926,OP3961,"","2484",3,00A092,FFFFFF
32869,OP3961,"","2421",3,A0006E,FFFFFF
32900,OP3961,"","2492",3,FF5A00,000000
32904,OP3961,"","2463",3,82C8E6,000000
32878,OP3961,"","7701",3,3C91DC,FFFFFF
18316,OP6040,"","TUC",3,F4C931,000000
31186,OP2716,"BUS T1","Caméléon T1",3,003CA6,FFFFFF
32242,OP5512,"","7816",3,3C91DC,FFFFFF
29579,OP5512,"","7803",3,3C91DC,FFFFFF
29580,OP5512,"","7805",3,3C91DC,FFFFFF
29583,OP5512,"","5234",3,0055C8,FFFFFF
29572,OP5512,"","7815",3,3C91DC,FFFFFF
29668,OP5512,"","7802",3,3C91DC,FFFFFF
29577,OP5512,"","7807",3,3C91DC,FFFFFF
29571,OP5512,"","7804",3,3C91DC,FFFFFF
29569,OP5512,"","5116",3,FF82B4,000000
29573,OP5512,"","5117",3,00A092,FFFFFF
29574,OP5512,"","7818",3,3C91DC,FFFFFF
29575,OP5512,"","5146",3,82DC73,000000
29576,OP5512,"","5153",3,00643C,FFFFFF
29578,OP5512,"","7808",3,3C91DC,FFFFFF
29581,OP5512,"","5154",3,FFBE00,000000
29582,OP5512,"","9111",3,3C91DC,FFFFFF
28193,OP3963,"","4437",3,008C5A,FFFFFF
28183,OP3963,"","4441",3,8D5E2A,FFFFFF
28192,OP3963,"","4413",3,83C491,000000
32145,OP3963,"","4461",3,BB4B9B,FFFFFF
28197,OP3963,"","4439",3,F3A4BA,000000
28200,OP3963,"","4459",3,CEC92B,000000
28184,OP3963,"","4401",3,E3B32A,000000
28202,OP3963,"","4407",3,9B993B,FFFFFF
28282,OP3963,"","4408",3,D5C900,000000
32147,OP3963,"","4410",3,008C5A,FFFFFF
28186,OP3963,"","4403",3,5291CE,FFFFFF
28204,OP3963,"","4409",3,98D4E2,000000
30361,OP3963,"","9102",3,3BB2FF,FFFFFF
30362,OP3963,"","9103",3,3BB2FF,FFFFFF
32148,OP3963,"","4457",3,5291CE,FFFFFF
28209,OP3963,"","4432",3,00A88F,FFFFFF
28211,OP3963,"","4416",3,8D5E2A,FFFFFF
32308,OP3963,"","4418",3,E0B03B,000000
32149,OP3963,"","4462",3,00B397,FFFFFF
28215,OP3963,"","4463",3,F28E42,000000
28217,OP3963,"","4435",3,83C491,000000
28220,OP3963,"","4404",3,B90845,FFFFFF
28188,OP3963,"","4451",3,98D4E2,000000
28189,OP3963,"","4452",3,006DB8,FFFFFF
28223,OP3963,"","4411",3,006DB8,FFFFFF
28224,OP3963,"","4414",3,00B397,FFFFFF
28190,OP3963,"","4415",3,F28E42,000000
20857,OP3963,"Soir","Soirée Etampes",3,662483,FFFFFF
28185,OP3963,"","4402",3,BE418E,FFFFFF
28187,OP3963,"","4406",3,CEADD2,000000
28194,OP3963,"","4442",3,ED1C2A,FFFFFF
28198,OP3963,"","4438",3,BE418E,FFFFFF
28199,OP3963,"","4440",3,5291CE,FFFFFF
28201,OP3963,"","4412",3,FF0000,FFFFFF
28207,OP3963,"","4430",3,98D4E2,000000
28208,OP3963,"","4431",3,E3B32A,000000
28210,OP3963,"","4433",3,D5C900,000000
28212,OP3963,"","4417",3,83C491,000000
28216,OP3963,"","4434",3,CEADD2,000000
28218,OP3963,"","4456",3,D282BE,000000
28219,OP3963,"","4458",3,9B993B,FFFFFF
28221,OP3963,"","4453",3,F59EB3,000000
28315,OP3963,"","4454",3,8E6539,FFFFFF
28222,OP3963,"","4455",3,00B397,FFFFFF
32146,OP3963,"","4450",3,00814F,FFFFFF
28191,OP3963,"","4405",3,F3A4BA,000000
28206,OP3963,"","4436",3,F78F4B,000000
26534,OP4823,"","3301",3,B80C4B,FFFFFF
32150,OP4823,"","3303",3,C5A3CD,000000
26536,OP4823,"","3304",3,F59EB3,000000
26539,OP4823,"","3311",3,87D3DF,000000
26540,OP4823,"","3306",3,F78F4B,000000
26542,OP4823,"","3319",3,9B9931,FFFFFF
26544,OP4823,"","3302",3,CEC92B,000000
27591,OP4823,"","3310",3,006DB8,FFFFFF
26538,OP4823,"","3305",3,BB4B9B,FFFFFF
32151,OP4823,"","3307",3,008C5A,FFFFFF
26533,OP4823,"","3308",3,78C696,000000
15505,OP4823,"46","Express 46",3,4D90CD,FFFFFF
23035,OP4823,"Soir","Soirée Montereau Sud",3,662D91,FFFFFF
26543,OP4823,"","3315",3,E0B03B,000000
22739,OP4918,"","3204",3,FF82B4,000000
22905,OP4918,"","3240",3,FF82B4,000000
23003,OP4918,"","3241",3,FF82B4,000000
22906,OP4918,"","3243",3,FF82B4,000000
23004,OP4918,"","3244",3,FF82B4,000000
22740,OP4918,"","3201",3,00A092,000000
22907,OP4918,"","3242",3,FF82B4,000000
22908,OP4918,"","3256",3,D282BE,FFFFFF
22909,OP4918,"","3250",3,82C8E6,000000
22910,OP4918,"","3257",3,82C8E6,000000
22911,OP4918,"","3258",3,82C8E6,000000
22741,OP4918,"","3202",3,0055C8,FFFFFF
23002,OP4918,"","3252",3,82DC73,FFFFFF
22913,OP4918,"","3253",3,82DC73,FFFFFF
22914,OP4918,"","3260",3,82C8E6,000000
32152,OP4918,"","3215",3,00643C,FFFFFF
22918,OP4918,"","3261",3,6E6E00,FFFFFF
22749,OP4918,"","3218",3,A50034,FFFFFF
27594,OP4918,"","3211",3,D2D200,000000
22742,OP4918,"","3212",3,D282BE,FFFFFF
22920,OP4918,"","3249",3,6E6E00,FFFFFF
23263,OP2666,"","3657",3,A0006E,FFFFFF
23265,OP2666,"","3660",3,D2D200,000000
23498,OP2666,"","3633",3,82DC73,000000
23250,OP2666,"","3665",3,5A230A,FFFFFF
23497,OP2666,"","3604",3,FF1400,FFFFFF
23251,OP2666,"","3656",3,FF82B4,000000
23511,OP2666,"","3611",3,00A092,FFFFFF
23507,OP2666,"","3630",3,A0006E,FFFFFF
22921,OP4918,"","3246",3,6E491E,FFFFFF
22745,OP4918,"","3208",3,A0006E,FFFFFF
22752,OP4918,"","3209",3,82C8E6,000000
22753,OP4918,"","TàD 3209",3,FFBE00,000000
32153,OP4918,"","3210",3,FF5A00,FFFFFF
22923,OP4918,"","3217",3,82C8E6,000000
32209,OP4918,"","3245",3,FF82B4,000000
22746,OP4918,"","3216",3,A0006E,FFFFFF
25940,OP4918,"","3219",3,640082,FFFFFF
22926,OP4918,"","3254",3,0055C8,FFFFFF
22754,OP4918,"","3203",3,FF1400,FFFFFF
30625,OP4918,"","7704",3,3C91DC,FFFFFF
30626,OP4918,"","7705",3,3C91DC,FFFFFF
30627,OP4918,"","7707",3,3C91DC,FFFFFF
22751,OP4918,"","3207",3,82DC73,FFFFFF
22927,OP4918,"","3255",3,0055C8,FFFFFF
22915,OP4918,"","3251",3,0055C8,FFFFFF
22924,OP4918,"","3259",3,6E491E,FFFFFF
22610,OP4918,"TàD","TàD Nangis / La-Chapelle-Rablais",3,FFBE00,000000
22611,OP4918,"Soir","Soir Provins",3,640082,FFFFFF
22612,OP4918,"Soir","Soirée Nangis",3,640082,FFFFFF
22916,OP4918,"","3262",3,FF82B4,000000
22743,OP4918,"","3213",3,82DC73,FFFFFF
22744,OP4918,"","3214",3,DC9600,000000
22929,OP4918,"","3248",3,6E491E,FFFFFF
22928,OP4918,"","3247",3,6E491E,FFFFFF
28225,OP5517,"","1230",3,F59EB3,000000
28226,OP5517,"","1203",3,E0B03B,000000
28227,OP5517,"","1206",3,78C696,000000
28228,OP5517,"","1236",3,BB4B9B,FFFFFF
28229,OP5517,"","1238",3,ED1C2A,FFFFFF
28230,OP5517,"","1239",3,CEC92B,000000
28231,OP5517,"","1240",3,006DB8,FFFFFF
29899,OP5517,"","1202",3,F78F4B,000000
28233,OP5517,"","1223",3,9B9931,FFFFFF
28234,OP5517,"","1224",3,C5A3CD,000000
28235,OP5517,"","1201",3,B80C4B,FFFFFF
28236,OP5517,"","1237",3,8E6539,FFFFFF
29900,OP5517,"","1207",3,F78F4B,000000
28238,OP5517,"","1208",3,00B397,FFFFFF
28239,OP5517,"","1226",3,8E6539,FFFFFF
28240,OP5517,"","1232",3,008C5A,FFFFFF
28241,OP5517,"","1228",3,87D3DF,000000
28242,OP5517,"","1241",3,BB4B9B,FFFFFF
31054,OP5517,"","1242",3,B80C4B,FFFFFF
28244,OP5517,"","1205",3,ED1C2A,FFFFFF
32276,OP5517,"","1231",3,CEC92B,000000
28246,OP5517,"","1234",3,E0B03B,000000
28247,OP5517,"","1227",3,C5A3CD,000000
28248,OP5517,"","1222",3,006DB8,FFFFFF
28249,OP5517,"","1221",3,F78F4B,000000
28250,OP5517,"","1233",3,78C696,000000
28251,OP5517,"","1225",3,C5A3CD,000000
28253,OP5517,"","1255",3,F78F4B,000000
28254,OP5517,"","1204",3,008C5A,FFFFFF
28255,OP5517,"","1235",3,ED1C2A,FFFFFF
27599,OP5517,"","1257",3,C5A3CD,000000
26468,OP68,"","5188",3,82DC73,000000
26469,OP68,"","5189",3,DC9600,000000
26470,OP68,"","5190",3,FFBE00,000000
26445,OP68,"","5191",3,F58F53,000000
26446,OP68,"","5192",3,82C8E6,000000
26480,OP68,"","5193",3,82DC73,000000
26447,OP68,"","5194",3,A50034,FFFFFF
26471,OP68,"","5195",3,82C8E6,000000
26448,OP68,"","5196",3,FF82B4,000000
26467,OP68,"","5140",3,D282BE,000000
26438,OP68,"","5122",3,82DC73,000000
26452,OP68,"","5105",3,FF1400,FFFFFF
26439,OP68,"","5107",3,F58F53,000000
26453,OP68,"","5106",3,A0006E,FFFFFF
26481,OP68,"","5143",3,82DC73,000000
26455,OP68,"","5142",3,6E6E00,FFFFFF
26456,OP68,"","5133",3,82DC73,000000
26457,OP68,"","5145",3,D2D200,000000
26458,OP68,"","5103",3,A0006E,FFFFFF
29173,OP68,"","5150",3,82DC73,000000
26462,OP68,"","5197",3,00643C,FFFFFF
26463,OP68,"","5131",3,D282BE,000000
26474,OP68,"","5198",3,82DC73,000000
26483,OP68,"","5184",3,00A092,FFFFFF
26478,OP68,"","5187",3,82DC73,000000
26440,OP68,"","5123",3,6E6E00,FFFFFF
26441,OP68,"","5124",3,D2D200,000000
26442,OP68,"","5125",3,82C8E6,000000
26475,OP68,"","5114",3,D282BE,000000
26434,OP68,"","5110",3,D2D200,000000
26443,OP68,"","5112",3,FF82B4,000000
26444,OP68,"","5101",3,F58F53,000000
32154,OP68,"","5132",3,82C8E6,000000
26451,OP68,"","5104",3,A50034,FFFFFF
26454,OP68,"","5144",3,FF82B4,000000
26461,OP68,"","5151",3,00643C,FFFFFF
26464,OP68,"","5130",3,FF82B4,000000
26436,OP68,"","5111",3,82C8E6,000000
26437,OP68,"","5113",3,6E6E00,FFFFFF
26476,OP68,"","5183",3,FF1400,FFFFFF
29174,OP68,"","5185",3,FFBE00,000000
26477,OP68,"","5186",3,DC9600,000000
24784,OP68,"Soir","Bus soirée Plaisir-Grignon",3,652C8F,FFFFFF
26465,OP68,"","5115",3,00643C,FFFFFF
26435,OP68,"","5141",3,00B297,FFFFFF
26450,OP68,"","5120",3,00A092,FFFFFF
26472,OP68,"","5199",3,82C8E6,000000
26449,OP68,"","5134",3,00643C,FFFFFF
26473,OP68,"","5121",3,FF82B4,000000
26459,OP68,"","5152",3,82C8E6,000000
26482,OP68,"","5102",3,FF1400,FFFFFF
9829,OP5941,"","30-05",3,1D1D1B,FFFFFF
164,OP5941,"","30-09",3,FFBE00,000000
165,OP5941,"","30-10",3,00AAD2,FFFFFF
11380,OP5941,"","30-11",3,9DC327,FFFFFF
173,OP5941,"","30-14",3,3D99D4,FFFFFF
167,OP5941,"","30-18",3,F18825,FFFFFF
168,OP5941,"","30-22",3,8FC4EB,FFFFFF
169,OP5941,"","30-23",3,A2338A,FFFFFF
12939,OP5941,"","30-37",3,BD1D1D,FFFFFF
12608,OP5941,"","30-38",3,8C072F,FFFFFF
190,OP5941,"","30-43",3,E6007E,FFFFFF
179,OP5941,"","95-21",3,D4A677,FFFFFF
185,OP5941,"95-26","95-26 Scolaire",3,007D9A,FFFFFF
21022,OP5875,"Navette","Navette de Bouffemont",3,008FD3,FFFFFF
14466,OP5875,"CitéVal N","CitéVal Nord Herblay",3,F08B27,FFFFFF
20494,OP5875,"CitéVal S","CitéVal Sud Herblay",3,00538D,FFFFFF
14904,OP5941,"","3801",3,FECA2B,FFFFFF
14463,OP5941,"","30-47",3,E40520,FFFFFF
195,OP5941,"","30-48",3,3FB498,FFFFFF
19145,OP5941,"","30-46",3,0064B0,FFFFFF
14464,OP5941,"","30-07",3,A84839,FFFFFF
12609,OP5941,"","30-03",3,E50051,FFFFFF
9831,OP5941,"","30-49",3,3A338A,FFFFFF
20264,OP5875,"CitéVal C","CitéVal Cormeilles-en-Parisis",3,E5377D,FFFFFF
14684,OP5941,"30-21Oues","30-21 Ouest",3,EF844E,FFFFFF
198,OP5941,"30-21Est","30-21 Est",3,F0824F,FFFFFF
20265,OP5941,"CitéVal","CitéVal Ermont",3,A03187,FFFFFF
9513,OP5941,"","95-19",3,00904A,FFFFFF
27197,OP5941,"","N148",3,00B397,FFFFFF
14461,OP5941,"30-28","30-28 Scolaire",3,BFB007,FFFFFF
16105,OP5941,"30-31","30-31 Scolaire",3,CC3089,FFFFFF
16106,OP5941,"30-32","30-32 Scolaire",3,008866,FFFFFF
14462,OP5941,"30-33","30-33 Scolaire",3,009FE3,FFFFFF
16107,OP5941,"30-34","30-34 Scolaire",3,E8BB00,FFFFFF
14681,OP5941,"","30-42",3,E0A0C8,FFFFFF
171,OP5941,"","95-03A",3,2291D0,FFFFFF
14682,OP5941,"","95-03B",3,2291D0,FFFFFF
14683,OP5941,"","95-20",3,57AADF,FFFFFF
5585,OP5941,"","95-29",3,F39000,FFFFFF
208,OP5941,"","30-12",3,0075AA,FFFFFF
14905,OP5941,"","3804",3,02853A,FFFFFF
4417,OP5875,"CitéVal F","CitéVal Franconville",3,9FC005,FFFFFF
32277,OP5941,"","1433",3,B80C4B,FFFFFF
32803,OP4522,"","TIM",3,89C7D6,000000
33232,OP4522,"SUBB N","SUBB Boucle Nord",3,8E6538,FFFFFF
32737,OP4522,"TUVIM CV","TUVIM Centre-Ville",3,FF1400,FFFFFF
14831,OP4522,"","469",3,F9BD1B,000000
24191,OP4522,"","GPSO Bus",3,FF9900,FFFFFF
14833,OP4522,"ChavilBus","Chavilbus",3,C99EFF,000000
32804,OP4522,"SUBB S","SUBB Boucle Sud",3,E0B03A,000000
32805,OP4522,"TUVIM EP","TUVIM Epinettes",3,F68F4A,000000
32806,OP4522,"TUVIM ISG","TUVIM Ile Saint-Germain",3,F59EB2,000000
15580,OP3400,"","1",3,8CC7FF,FFFFFF
17064,OP3400,"","2",3,FF5A00,000000
15582,OP3400,"","4",3,82DC73,000000
15584,OP3400,"","8",3,6E491E,FFFFFF
15578,OP3400,"","9",3,FF1400,FFFFFF
15585,OP3400,"","18",3,0055C8,FFFFFF
15586,OP3400,"","34",3,A0006E,FFFFFF
15587,OP3400,"","6",3,640082,FFFFFF
15848,OP3400,"501","501 Scolaire",3,FFBE00,000000
15849,OP3400,"502","502 Scolaire",3,FF8C94,FFFFFF
29140,OP3400,"503","503 Scolaire",3,FF8C57,000000
15579,OP3400,"","7",3,3C91DC,FFFFFF
634,OP3400,"","J",3,A38C57,FFFFFF
15588,OP3400,"","H",3,3C91DC,FFFFFF
32155,OP3400,"","1",3,8CE39C,FFFFFF
1793,OP3400,"","12",3,82C8E6,000000
1784,OP3400,"","A",3,0055C8,FFFFFF
8770,OP3400,"","E",3,9B9BCD,FFFFFF
32156,OP3400,"","K",3,FF8C94,FFFFFF
16436,OP3400,"","C",3,FF1400,FFFFFF
8769,OP3400,"","M",3,8CE39C,FFFFFF
15589,OP3400,"","G",3,9B9BCD,FFFFFF
30329,OP3400,"","262",3,A0006E,FFFFFF
17261,OP3400,"","2",3,8CE39C,FFFFFF
17262,OP3400,"","6",3,82C8E6,000000
15411,OP3400,"","12",3,FF8C57,000000
15813,OP3400,"","37",3,FF8C57,000000
15814,OP3400,"","40",3,FFBE00,000000
15590,OP3400,"","3",3,00643C,FFFFFF
1794,OP3400,"","D",3,640082,FFFFFF
15805,OP3400,"","S6",3,A38C57,FFFFFF
636,OP3400,"","17",3,FFBE00,000000
1785,OP3400,"","L",3,8CC7FF,FFFFFF
17264,OP3400,"","T",3,FF8C57,000000
2809,OP3400,"","S3",3,A38C57,FFFFFF
1786,OP3400,"","S4",3,FFBE00,000000
15806,OP3400,"","S7",3,8CAD08,FFFFFF
15807,OP3400,"","S1",3,A38C57,FFFFFF
1803,OP3400,"","B",3,00643C,FFFFFF
1804,OP3400,"","F",3,82C8E6,000000
8768,OP3400,"","S5",3,8CE39C,FFFFFF
1791,OP3400,"","P",3,FF8C94,FFFFFF
17359,OP3400,"","S2",3,D282BE,000000
15453,OP3400,"","20",3,8CAD08,FFFFFF
15809,OP3400,"","56",3,82C8E6,000000
12948,OP3400,"","57",3,FA8CC7,FFFFFF
25642,OP3400,"","N",3,9F9822,FFFFFF
27604,OP3400,"","62",3,0055C8,FFFFFF
27605,OP3400,"","63",3,6E491E,FFFFFF
29305,OP3400,"","26",3,00A092,FFFFFF
29306,OP3400,"","25",3,FFCE00,000000
27602,OP3400,"","60",3,00643C,FFFFFF
28256,OP3400,"","61",3,FF82B4,FFFFFF
12675,OP6073,"","501",3,E2A34E,000000
15895,OP6073,"","502",3,FBE324,000000
6315,OP6073,"","E",3,D896C1,000000
6311,OP6073,"","A",3,00643C,FFFFFF
11105,OP6073,"","D",3,2C2E83,FFFFFF
6314,OP6073,"","B",3,06B8E1,000000
16468,OP6073,"","C",3,732275,FFFFFF
31716,OP6073,"EX 19","Express 19",3,3C91DC,FFFFFF
15068,OP6073,"","212",3,82C8E6,000000
15250,OP6073,"","321",3,FFBE00,000000
14995,OP6073,"","421",3,00643C,FFFFFF
746,OP6073,"","1",3,F9DC00,000000
743,OP6073,"","2",3,0074BA,FFFFFF
751,OP6073,"","5",3,00B8E0,000000
24256,OP6073,"","701",3,005AA1,FFFFFF
10151,OP6073,"","602",3,FF1400,FFFFFF
1807,OP6073,"","603",3,6E491E,FFFFFF
1808,OP6073,"","604",3,D282BE,000000
23509,OP2666,"","3613",3,82DC73,000000
23499,OP2666,"","3609",3,FFBE00,000000
23500,OP2666,"","3607",3,5A230A,FFFFFF
23501,OP2666,"","3608",3,DC9600,000000
23502,OP2666,"","3602",3,0055C8,FFFFFF
23512,OP2666,"","3603",3,FF82B4,000000
23510,OP2666,"","3601",3,FF5A00,000000
23513,OP2666,"","3605",3,00643C,FFFFFF
27624,OP6073,"","605",3,D2D200,000000
15394,OP6073,"","613",3,00814F,FFFFFF
15396,OP6073,"","623",3,82C8E6,000000
1827,OP6073,"","644",3,82DC73,000000
749,OP6073,"","8",3,8C5E23,FFFFFF
16339,OP6073,"","EX 100",3,3C91DC,FFFFFF
1826,OP6073,"","643",3,FF5A00,000000
15797,OP6073,"","3",3,B44A9C,FFFFFF
32157,OP6073,"","3s",3,B44A9C,FFFFFF
8736,OP6073,"","6",3,AF171A,FFFFFF
754,OP6073,"","9s",3,19B200,FFFFFF
744,OP6073,"","9",3,19B200,FFFFFF
755,OP6073,"","7s",3,97BF35,000000
15359,OP6073,"","7",3,97BF35,000000
12541,OP6073,"","4",3,DC9015,000000
8740,OP6073,"","4s",3,DC9015,000000
15799,OP6073,"","8s",3,8C5E23,FFFFFF
11106,OP6073,"","500",3,007A45,FFFFFF
15259,OP6073,"","206",3,6E491E,FFFFFF
15269,OP6073,"","207",3,DC9600,000000
17492,OP6073,"","211",3,FF82B4,000000
15231,OP6073,"","213",3,6E6E00,FFFFFF
15233,OP6073,"","220",3,A0006E,FFFFFF
15241,OP6073,"","310",3,D2D200,000000
15235,OP6073,"","312",3,FF5A00,000000
15236,OP6073,"","320",3,FFBE00,000000
19077,OP6073,"","209",3,00A092,FFFFFF
21187,OP6073,"","311",3,FF5A00,000000
27688,OP5515,"","1312",3,6E491E,FFFFFF
26072,OP5515,"","1314",3,662483,FFFFFF
26073,OP5515,"","1346",3,CEACD2,000000
26074,OP5515,"","1347",3,81C391,000000
26075,OP5515,"","1348",3,E3B229,000000
26076,OP5515,"","1350",3,97D4E2,000000
26077,OP5515,"","1317",3,F3A4BA,000000
26078,OP5515,"","1353",3,B90745,FFFFFF
26079,OP5515,"","1351",3,F3A4BA,000000
26698,OP5515,"","1316",3,00814F,FFFFFF
26699,OP5515,"","1304",3,E3051B,FFFFFF
26082,OP5515,"","1303",3,A09923,FFFFFF
26083,OP5515,"","1309",3,FECE00,000000
15402,OP5515,"","9518",3,3C91DC,FFFFFF
26084,OP5515,"","1301",3,F3A4BA,000000
26085,OP5515,"","1302",3,B90745,FFFFFF
33562,OP5515,"","1356",3,09A88E,FFFFFF
33199,OP5515,"","100",3,3C91DC,FFFFFF
26087,OP5515,"","1305",3,97D4E2,000000
26088,OP5515,"","1349",3,F28F42,000000
26089,OP5515,"","1352",3,C04191,FFFFFF
26090,OP5515,"","1354",3,CEACD2,000000
24752,OP5515,"","N147",3,6E491E,FFFFFF
26236,OP5515,"Soir","Soir Persan-Beaumont",3,652C8F,FFFFFF
14267,OP2715,"","482",3,0055C8,FFFFFF
13861,OP2715,"","Licorne",3,FF82B4,000000
14888,OP2715,"","483",3,FF5A00,000000
14266,OP2715,"","480",3,3C91DC,FFFFFF
14889,OP2715,"","282",3,82DC73,000000
14133,OP2742,"","T9",0,3C91DC,FFFFFF
30265,OP4360,"","3103",3,640082,FFFFFF
30266,OP4360,"","3104",3,FF1400,FFFFFF
30267,OP4360,"","3105",3,A0006E,FFFFFF
30268,OP4360,"","3107",3,82DC0B,000000
30269,OP4360,"","3110",3,E1BE00,000000
30270,OP4360,"","3111",3,01643C,FFFFFF
32374,OP4360,"","3114",3,FF5A00,000000
30264,OP4360,"","3118",3,0055C8,FFFFFF
30272,OP4360,"","3119",3,FF1400,FFFFFF
30273,OP4360,"","3123",3,FFCD03,000000
30274,OP4360,"","3115",3,6E491E,FFFFFF
30275,OP4360,"","3145",3,0A8C5A,FFFFFF
30276,OP4360,"","3109",3,CEC92B,000000
32375,OP4360,"","3146",3,87D3DF,000000
30278,OP4360,"","3147",3,E0B03B,000000
32376,OP4360,"","7716",3,3C91DC,FFFFFF
30280,OP4360,"","3101",3,00643C,FFFFFF
30281,OP4360,"","3121",3,008C5A,FFFFFF
30262,OP4360,"","423",3,F78F4B,000000
30282,OP4360,"","3117",3,D282BE,FFFFFF
32377,OP4360,"","3106",3,FFBE00,000000
32378,OP4360,"","3120",3,87D3DF,000000
30285,OP4360,"","3124",3,F78F4B,000000
30286,OP4360,"","3132",3,008C5A,FFFFFF
30287,OP4360,"","3133",3,F59EB3,000000
30288,OP4360,"","3139",3,87D3DF,FFFFFF
20398,OP4360,"","N142",3,A0006E,FFFFFF
30263,OP4360,"","3134",3,F78F4B,000000
30289,OP4360,"","3129",3,E0B03B,FFFFFF
30290,OP4360,"","3128",3,662D91,FFFFFF
30291,OP4360,"","3122",3,C5A3CD,000000
32379,OP4360,"","3125",3,BB4B9B,FFFFFF
30292,OP4360,"","3137",3,F59EB3,000000
30293,OP4360,"","3140",3,C5A3CD,000000
30294,OP4360,"","3143",3,F78F4B,000000
30295,OP4360,"","3126",3,ED1C2A,FFFFFF
32380,OP4360,"","3130",3,B80C4B,FFFFFF
30297,OP4360,"","3127",3,F59EB3,000000
30298,OP4360,"","3148",3,ED1C2A,FFFFFF
30299,OP4360,"","3131",3,9B993B,FFFFFF
30300,OP4360,"","3135",3,008C5A,FFFFFF
31120,OP4360,"","3136",3,78C696,FFFFFF
30302,OP4360,"","3138",3,CEC92B,000000
30303,OP4360,"","3144",3,F59EB3,000000
30304,OP4360,"","3112",3,78C696,000000
30305,OP4360,"","3113",3,00B397,000000
30306,OP4360,"","3116",3,3C91DC,FFFFFF
25941,OP4360,"Soir","Soirée - Gretz-Armainvilliers",3,662583,FFFFFF
33529,OP4360,"Soir","Soirée - Ozoir-la-Ferrière",3,662583,FFFFFF
33530,OP4360,"","TàD 3144",3,FFCD03,000000
30308,OP4360,"","3102",3,A0006E,FFFFFF
30309,OP4360,"","3108",3,87D3DF,FFFFFF
30310,OP4360,"","3141",3,87D3DF,FFFFFF
30311,OP4360,"","3142",3,006DB8,FFFFFF
26368,OP4825,"","2116",3,BB4B9B,FFFFFF
26369,OP4825,"","2117",3,87D3DF,000000
26370,OP4825,"","2118",3,F78F4B,000000
32158,OP4825,"","2119",3,78C696,000000
26372,OP4825,"","2121",3,662D91,FFFFFF
27609,OP4825,"","2122",3,6E491E,FFFFFF
26374,OP4825,"","2123",3,E3051C,FFFFFF
26375,OP4825,"","2127",3,F59EB3,000000
26376,OP4825,"","2176",3,6E491E,FFFFFF
26377,OP4825,"","2101",3,E3051C,FFFFFF
26378,OP4825,"","2102",3,8D5E2A,FFFFFF
26379,OP4825,"","2103",3,87D3DF,000000
26380,OP4825,"","2104",3,F28E42,000000
27611,OP4825,"","2107",3,81C491,000000
26382,OP4825,"","2108",3,D3CA00,000000
26383,OP4825,"","2109",3,E3B229,000000
26384,OP4825,"","2110",3,CFADD2,000000
26385,OP4825,"","2111",3,F3A4BA,000000
26386,OP4825,"","2163",3,BB4B9B,FFFFFF
26387,OP4825,"","2128",3,00814F,FFFFFF
26388,OP4825,"","2130",3,D3CA00,000000
26389,OP4825,"","2120",3,006DB8,FFFFFF
26390,OP4825,"","2169",3,FFCD03,000000
26391,OP4825,"","2129",3,B90845,FFFFFF
26392,OP4825,"","2168",3,F78F4B,000000
26393,OP4825,"","2171",3,E0B03B,000000
26394,OP4825,"","2113",3,FECE00,000000
26395,OP4825,"","2124",3,CEADD2,000000
23275,OP4825,"Soir","Soirée Mitry-le-Neuf",3,662583,FFFFFF
26396,OP4825,"","2150",3,ED1C2A,FFFFFF
26397,OP4825,"","2151",3,F78F4B,000000
26398,OP4825,"","2152",3,FFCD03,000000
26399,OP4825,"","2153",3,E0B03B,000000
26400,OP4825,"","2154",3,8E6539,FFFFFF
26401,OP4825,"","2155",3,CEC92B,000000
26402,OP4825,"","2156",3,9B9931,FFFFFF
26403,OP4825,"","2158",3,78C696,000000
26404,OP4825,"","2159",3,00B397,FFFFFF
26405,OP4825,"","2160",3,87D3DF,000000
26406,OP4825,"","2161",3,006DB8,FFFFFF
26407,OP4825,"","2162",3,662D91,FFFFFF
26408,OP4825,"","2164",3,C5A3CD,000000
26409,OP4825,"","2165",3,F59EB3,000000
26410,OP4825,"","2166",3,B80C4B,FFFFFF
26411,OP4825,"","2157",3,008C5A,FFFFFF
14757,OP5611,"","11",3,C04191,FFFFFF
23134,OP5611,"","30 B",3,97D4E2,000000
23135,OP5611,"","30 D",3,9C9A3E,FFFFFF
14764,OP5611,"","R8",3,F4A8BC,000000
14765,OP5611,"","31",3,E3051B,FFFFFF
22985,OP5611,"","32",3,00814F,FFFFFF
27612,OP5611,"","33",3,4F91CD,FFFFFF
27131,OP5611,"","EX 93",3,5191CD,FFFFFF
16637,OP5611,"","Gbus",3,F4A8BC,000000
16191,OP5611,"","R117",3,F4A8BC,000000
14768,OP5611,"","R1",3,81C391,000000
19405,OP5611,"","R2",3,F28F42,000000
14770,OP5611,"","R3",3,F5A05F,000000
14771,OP5611,"","R4",3,98D0C1,FFFFFF
23893,OP5611,"","R5",3,FECE00,000000
14773,OP5611,"","R6",3,98D4E2,000000
21683,OP5611,"","R7",3,B397C7,FFFFFF
16193,OP5611,"","R110",3,B28E64,FFFFFF
23302,OP5611,"","R111",3,F5A05F,000000
847,OP5611,"","R112",3,B90745,FFFFFF
16195,OP5611,"","R113",3,E3051B,FFFFFF
16196,OP5611,"","R104",3,97B6E0,FFFFFF
16197,OP5611,"","R105",3,97D4E2,000000
23303,OP5611,"","R106",3,662483,FFFFFF
21684,OP5611,"","R107",3,B43D88,FFFFFF
23312,OP5611,"","R108",3,F4A8BC,000000
23313,OP5611,"","R109",3,CEACD2,000000
14774,OP5611,"VITAVIL","Vitavil",3,F28F42,000000
23336,OP5611,"","9501",3,5191CD,FFFFFF
23337,OP5611,"","9502",3,006DB8,FFFFFF
15562,OP5611,"","22",3,FECE00,000000
15560,OP5611,"","23",3,E3051B,FFFFFF
15563,OP5611,"","25",3,B90745,FFFFFF
17624,OP5611,"","24",3,0064B0,FFFFFF
22979,OP5611,"","24 S",3,5191CD,FFFFFF
15847,OP5611,"","35",3,97D4E2,000000
15561,OP5611,"","36",3,C04191,FFFFFF
15564,OP5611,"","37",3,09A88E,FFFFFF
18386,OP5611,"Filéo OTH","Filéo Othis (sur réservation)",3,B80B4B,FFFFFF
18387,OP5611,"Filéo SAR","Filéo Sarcelles (sur réservation)",3,006DB8,FFFFFF
16767,OP5611,"Filéo GSV","Filéo Goussainville (sur réservation)",3,CEC92B,000000
16768,OP5611,"Filéo VLB","Filéo Villiers-le-Bel (sur réservation)",3,F69FB3,000000
22672,OP5611,"","N140",3,5191CD,FFFFFF
33628,OP5611,"","N143",3,5191CD,FFFFFF
16898,OP5611,"Filéo SF","Filéo Survilliers (sur réservation)",3,FECE00,000000
27613,OP5611,"","32 ZA",3,E3B229,000000
23894,OP5611,"","R114",3,FECE00,000000
30856,OP5611,"Filéo SP","Filéo Saint-Pathus (sur réservation)",3,E01921,FFFFFF
459,OP5611,"","20",3,F28E42,000000
23304,OP5611,"Soir","Soirée Louvres",3,662583,FFFFFF
14885,OP5611,"","27",3,F69FB3,000000
24933,OP5611,"Filéo RS","Filéo Roissy Sud - Villeparisis et Mitry (sur réservation)",3,4890CD,FFFFFF
14761,OP5611,"","34",3,9BCDA4,000000
16202,OP5611,"","11.5",3,CEACD2,000000
23301,OP5611,"","12 ZI",3,5191CD,FFFFFF
23305,OP5611,"Soir","Soirée Survilliers - Fosses",3,662583,FFFFFF
22613,OP5611,"","N146",3,00814F,FFFFFF
23306,OP5611,"","R121",3,81C491,000000
23307,OP5611,"Soir","Soirée Garges",3,662583,FFFFFF
23308,OP5611,"Soir","Soirée Goussainville",3,662583,FFFFFF
23309,OP5611,"","R9",3,662483,FFFFFF
23310,OP5611,"Soir","Soirée Gonesse",3,662583,FFFFFF
25114,OP5611,"Filéo com","Filéo Compans",3,AAAAAA,000000
32508,OP2806,"","6521",3,DC9600,000000
32509,OP2806,"","6522",3,6E491E,FFFFFF
32510,OP2806,"","6573",3,A0006E,FFFFFF
32552,OP2806,"","6511",3,D2D200,000000
32511,OP2806,"","7819",3,3C91DC,FFFFFF
32513,OP2806,"","6533",3,00643C,FFFFFF
32514,OP2806,"","6526",3,0055C8,FFFFFF
32555,OP2806,"","6531",3,DC9600,000000
32556,OP2806,"","6540",3,82DC73,000000
32516,OP2806,"","6591",3,FFBE00,000000
32557,OP2806,"","6517",3,FFBE00,000000
32517,OP2806,"","7809",3,3C91DC,FFFFFF
32518,OP2806,"","6512",3,FF82B4,000000
32558,OP2806,"","6532",3,640082,FFFFFF
32520,OP2806,"","6503",3,6E491E,FFFFFF
32506,OP2806,"","6536",3,D2D200,000000
32559,OP2806,"","6510",3,A0006E,FFFFFF
32522,OP2806,"","6542",3,82C8E6,000000
32523,OP2806,"","6527",3,D282BE,000000
32524,OP2806,"","6528",3,FF5A00,000000
32526,OP2806,"","6543",3,FFBE00,000000
32527,OP2806,"","6537",3,0055C8,FFFFFF
32528,OP2806,"","6518",3,A0006E,FFFFFF
32529,OP2806,"","6541",3,FF1400,FFFFFF
32530,OP2806,"","7801",3,3C91DC,FFFFFF
32531,OP2806,"","7821",3,3C91DC,FFFFFF
32532,OP2806,"","7822",3,3C91DC,FFFFFF
32534,OP2806,"","6504",3,A50034,FFFFFF
32560,OP2806,"","6516",3,00A092,FFFFFF
32535,OP2806,"","6563",3,FF5A00,000000
32536,OP2806,"","6523",3,FF82B4,000000
21495,OP2806,"","N155",3,640082,FFFFFF
32561,OP2806,"","6515",3,6E491E,FFFFFF
32562,OP2806,"","6524",3,3C91DC,FFFFFF
32563,OP2806,"","6519",3,FF5A00,000000
32564,OP2806,"","6529",3,00643C,FFFFFF
32539,OP2806,"","6590",3,FF1400,FFFFFF
32540,OP2806,"","6592",3,6E6E00,FFFFFF
32541,OP2806,"","6551",3,82DC73,000000
32566,OP2806,"","6552",3,82C8E6,000000
32569,OP2806,"","6556",3,FF1400,FFFFFF
32570,OP2806,"","6557",3,FF5A00,000000
32543,OP2806,"","6558",3,6E491E,FFFFFF
32571,OP2806,"","6564",3,D2D200,000000
32545,OP2806,"","6565",3,FF82B4,000000
32546,OP2806,"","6566",3,00A092,FFFFFF
32547,OP2806,"","6567",3,00643C,FFFFFF
32548,OP2806,"","6568",3,3C91DC,FFFFFF
32549,OP2806,"","6569",3,DC9600,000000
32550,OP2806,"","6572",3,00643C,FFFFFF
32572,OP2806,"","6574",3,00A092,FFFFFF
32507,OP2806,"","6501",3,FF1400,FFFFFF
32574,OP2806,"","6502",3,FF5A00,000000
32575,OP2806,"","6505",3,6E6E00,FFFFFF
32551,OP2806,"","6506",3,D282BE,000000
32576,OP2806,"","6507",3,640082,FFFFFF
32577,OP2806,"","6513",3,6E6E00,FFFFFF
32578,OP2806,"","6514",3,82DC73,000000
21622,OP2806,"Soir","Soir Vernouillet-Verneuil",3,640082,FFFFFF
32077,OP2806,"","6535",3,FF1400,FFFFFF
32159,OP2806,"","6550",3,640082,FFFFFF
32211,OP2806,"","6578",3,FF5A00,000000
32165,OP2806,"","6582",3,00A092,FFFFFF
21621,OP2806,"Soir","Soir Les Mureaux",3,640082,FFFFFF
33661,OP2806,"","6593",3,82DC73,000000
32553,OP2806,"","6560",3,FFBE00,000000
32554,OP2806,"","6561",3,82C8E6,000000
32515,OP2806,"","6562",3,A50034,FFFFFF
32519,OP2806,"","6570",3,DC9600,000000
32521,OP2806,"","6576",3,640082,FFFFFF
32525,OP2806,"","6571",3,FF1400,FFFFFF
33662,OP2806,"","6534",3,D282BE,000000
33663,OP2806,"","6595",3,82C8E6,000000
32538,OP2806,"","6525",3,00A092,FFFFFF
32565,OP2806,"","6594",3,6E491E,FFFFFF
32567,OP2806,"","6553",3,0055C8,FFFFFF
32542,OP2806,"","6554",3,A50034,FFFFFF
32568,OP2806,"","6555",3,FF82B4,000000
32544,OP2806,"","6559",3,D2D200,000000
32573,OP2806,"","6575",3,D282BE,000000
25412,OP2806,"TàD","TàD Nord Meulan - Les Mureaux",3,FFBE00,000000
33664,OP2806,"TàD","TàD Sud Meulan - Les Mureaux",3,FFBE00,000000
33665,OP2806,"Soir","Soir Carrières-sous-Poissy",3,640082,FFFFFF
32160,OP2806,"","6577",3,A0006E,FFFFFF
32162,OP2806,"","6579",3,FF1400,FFFFFF
32163,OP2806,"","6580",3,00A092,FFFFFF
32164,OP2806,"","6581",3,FF5A00,000000
22408,OP4061,"","4305",3,A0006E,FFFFFF
22933,OP4061,"","4323",3,82C8E6,000000
22934,OP4061,"","4324",3,FF1400,FFFFFF
26091,OP4061,"","4325",3,6E491E,FFFFFF
22936,OP4061,"","4326",3,A0006E,FFFFFF
22409,OP4061,"","4301",3,82DC73,000000
22410,OP4061,"","4303",3,3C91DC,FFFFFF
22932,OP4061,"","4340",3,A0006E,FFFFFF
22937,OP4061,"","4334",3,FF5A00,000000
32166,OP4061,"","4341",3,FF1400,FFFFFF
32167,OP4061,"","4342",3,FFBE00,000000
32168,OP4061,"","4343",3,FF5A00,000000
29770,OP4061,"","4344",3,FF82B4,000000
29771,OP4061,"","4346",3,A0006E,FFFFFF
22942,OP4061,"","4321",3,FF5A00,000000
22943,OP4061,"","4322",3,FF82B4,000000
22415,OP4061,"","4306",3,D282BE,000000
22416,OP4061,"","4316",3,640082,FFFFFF
22417,OP4061,"","4307",3,FF5A00,000000
22418,OP4061,"","4308",3,3C91DC,FFFFFF
22944,OP4061,"","4327",3,FF82B4,000000
22945,OP4061,"","4328",3,D282BE,000000
22946,OP4061,"","4329",3,82C8E6,000000
22947,OP4061,"","4330",3,00A092,FFFFFF
22948,OP4061,"","4331",3,6E491E,FFFFFF
27788,OP4061,"Soir","Soirée Mennecy",3,640082,FFFFFF
22419,OP4061,"","4309",3,A50034,FFFFFF
22949,OP4061,"","4332",3,FF5A00,000000
22950,OP4061,"","4345",3,D282BE,000000
27789,OP4061,"Soir","Soirée Bouray",3,640082,FFFFFF
22420,OP4061,"","TàD 4305",3,FFBE00,000000
22421,OP4061,"TàD 4301","TàD 4301/4530",3,FFBE00,000000
22422,OP4061,"","4318",3,0055C8,FFFFFF
22951,OP4061,"","4347",3,00A092,FFFFFF
22952,OP4061,"","4348",3,82C8E6,000000
29772,OP4061,"","4349",3,A50034,FFFFFF
33364,OP4061,"","TàD 4308",3,FFBE00,000000
33365,OP4061,"","TàD 4318",3,FFBE00,000000
33366,OP4061,"","TàD 4306",3,FFBE00,000000
33367,OP4061,"","TàD 4342",3,FFBE00,000000
33368,OP4061,"","TàD 4343",3,FFBE00,000000
33369,OP4061,"","TàD 4344",3,FFBE00,000000
23233,OP3932,"","6132",3,FFBE00,000000
23238,OP3932,"","6123",3,FF82B4,000000
23332,OP3932,"","6164",3,3C91DC,FFFFFF
23334,OP3932,"","6162",3,FF1400,FFFFFF
23243,OP3932,"","6134",3,6E491E,FFFFFF
18925,OP3932,"TàD","TàD 6131",3,FFBE00,000000
19768,OP3932,"Soir","Soirée Versailles-Chantiers",3,640082,FFFFFF
23244,OP3932,"","6175",3,FF1400,FFFFFF
23245,OP3932,"","6178",3,FF1400,FFFFFF
23234,OP3932,"","6133",3,82DC73,000000
23235,OP3932,"","6124",3,0055C8,FFFFFF
23236,OP3932,"","6140",3,FF5A00,000000
23237,OP3932,"","6142",3,00643C,FFFFFF
23239,OP3932,"","6145",3,A0006E,FFFFFF
23240,OP3932,"","6122",3,A0006E,FFFFFF
23203,OP3932,"","6176",3,FF82B4,000000
23204,OP3932,"","6183",3,640082,FFFFFF
23201,OP3932,"","6163",3,D282BE,000000
23241,OP3932,"","6135",3,82C8E6,000000
23242,OP3932,"","6136",3,FF5A00,000000
23246,OP3932,"","6171",3,00643C,FFFFFF
23247,OP3932,"","6172",3,6E491E,FFFFFF
23248,OP3932,"","6173",3,FF82B4,000000
23249,OP3932,"","6174",3,D282BE,000000
23200,OP3932,"","6131",3,82C8E6,000000
23205,OP3932,"","6177",3,FF82B4,000000
23206,OP3932,"","6184",3,640082,FFFFFF
23207,OP3932,"","6179",3,6E6E00,FFFFFF
23208,OP3932,"","6180",3,6E6E00,FFFFFF
27658,OP3932,"","6181",3,00A092,FFFFFF
23202,OP3932,"","6182",3,00A092,FFFFFF
23333,OP3932,"","6161",3,FF5A00,000000
23335,OP3932,"","6160",3,A50034,FFFFFF
23210,OP3932,"","6185",3,A0006E,FFFFFF
30390,OP3935,"","9101",3,3BB2FF,FFFFFF
30377,OP3935,"","4113",3,FFBE00,000000
30559,OP3935,"","4118",3,82C8E6,000000
30560,OP3935,"","4114",3,00643C,FFFFFF
30380,OP3935,"","4150",3,D282BE,000000
30381,OP3935,"","4159",3,D2D200,000000
30382,OP3935,"","4160",3,A0006E,FFFFFF
30383,OP3935,"","4161",3,A0006E,FFFFFF
30384,OP3935,"","4162",3,A0006E,FFFFFF
30385,OP3935,"","4151",3,FF82B4,000000
30561,OP3935,"","4116",3,FF5A00,000000
30387,OP3935,"","4117",3,A50034,FFFFFF
30388,OP3935,"","4121",3,0055C8,FFFFFF
30562,OP3935,"","4115",3,A0006E,FFFFFF
30364,OP3935,"","4119",3,A50034,FFFFFF
32169,OP3935,"","4158",3,DC9600,000000
30366,OP3935,"","4134",3,3C91DC,FFFFFF
30367,OP3935,"","4111",3,0055C8,FFFFFF
30368,OP3935,"","4131",3,FF5A00,000000
30592,OP3935,"","4154",3,00643C,FFFFFF
32170,OP3935,"","4133",3,640082,FFFFFF
30370,OP3935,"","4132",3,FFBE00,000000
30371,OP3935,"","4110",3,6E491E,FFFFFF
30563,OP3935,"","4130",3,00A092,000000
30825,OP3935,"","4135",3,FF1400,FFFFFF
30374,OP3935,"","4152",3,D282BE,000000
30389,OP3935,"","4153",3,FF82B4,000000
30564,OP3935,"","4120",3,D2D200,000000
30391,OP3935,"","4122",3,0055C8,FFFFFF
18087,OP3935,"","N134",3,00643C,FFFFFF
20593,OP3935,"","N135",3,00643C,FFFFFF
20692,OP3935,"","N133",3,FFBE00,000000
30376,OP3935,"","4112",3,82DC73,FFFFFF
30565,OP3935,"","4155",3,82DC73,000000
30566,OP3935,"","4156",3,00FA73,FFFFFF
33133,OP3935,"Soir","Soirée Crosne",3,640082,FFFFFF
33134,OP3935,"Soir","Soirée Quincy-sous-Sénart",3,640082,FFFFFF
29307,OP3935,"","4136",3,0055C8,FFFFFF
30567,OP3935,"Soir","Soirée Villecresnes",3,640082,FFFFFF
30568,OP3935,"","4157",3,A50034,FFFFFF
14909,OP2672,"Traverse","La Traverse Brancion-Commerce",3,CBE859,FFFFFF
33265,OP3933,"","2377",3,00814F,FFFFFF
32934,OP3933,"","7720",3,3C91DC,FFFFFF
32935,OP3933,"","2315",3,6FA8DC,FFFFFF
32936,OP3933,"","2335",3,5EB1E3,FFFFFF
32937,OP3933,"","2306",3,722671,FFFFFF
32977,OP3933,"","2303",3,DE7FB2,000000
32939,OP3933,"","2312",3,B1D0B7,000000
32943,OP3933,"","2323",3,177FC2,FFFFFF
32946,OP3933,"","2353",3,6FA8DC,FFFFFF
32947,OP3933,"","2354",3,A38C57,FFFFFF
32948,OP3933,"","2364",3,A38C57,FFFFFF
32949,OP3933,"","2361",3,CBDC4F,000000
32950,OP3933,"","2317",3,7AC597,000000
32951,OP3933,"","2311",3,6FA8DC,000000
32952,OP3933,"","2302",3,FBD804,000000
32953,OP3933,"","2301",3,EF4038,FFFFFF
32955,OP3933,"","2307",3,CEACD2,000000
32956,OP3933,"","2304",3,A50034,FFFFFF
32958,OP3933,"","7709",3,3C91DC,FFFFFF
32959,OP3933,"","2351",3,BE4999,FFFFFF
32960,OP3933,"","2349",3,B6D7A8,000000
32961,OP3933,"","2326",3,640082,FFFFFF
32962,OP3933,"","2332",3,B6D7A8,000000
32963,OP3933,"","2333",3,38761D,FFFFFF
32964,OP3933,"","2348",3,D3C90D,000000
32966,OP3933,"","2324",3,38761D,FFFFFF
32968,OP3933,"","2325",3,FF9900,000000
32969,OP3933,"","2331",3,A3C2E6,000000
32970,OP3933,"","2327",3,C4A4CC,000000
32971,OP3933,"","2343",3,177FC2,FFFFFF
32972,OP3933,"TAD","TàD ZI Poincy",3,FFBE00,000000
32975,OP3933,"","2350",3,38761D,FFFFFF
32976,OP3933,"","2374",3,BC85BB,000000
32978,OP3933,"","2313",3,097D3B,FFFFFF
32979,OP3933,"","2340",3,CC0000,FFFFFF
32981,OP3933,"","7702",3,3C91DC,FFFFFF
32982,OP3933,"","2375",3,BC85BB,000000
32933,OP3933,"","7718",3,3C91DC,FFFFFF
33200,OP3933,"","2310",3,F1C232,000000
32940,OP3933,"","2319",3,F79036,000000
33266,OP3933,"","2321",3,BE4999,FFFFFF
32980,OP3933,"","2342",3,FFFF00,000000
32944,OP3933,"","2346",3,914499,FFFFFF
32945,OP3933,"","2352",3,2394D2,FFFFFF
32954,OP3933,"","2308",3,D81466,FFFFFF
32957,OP3933,"","2309",3,0B5394,FFFFFF
20693,OP3933,"","N141",3,1765AE,FFFFFF
32965,OP3933,"","2314",3,17A79C,000000
32967,OP3933,"","2305",3,F37D2E,000000
30163,OP3933,"Soir","Soir Meaux Sud",3,652C8F,FFFFFF
32983,OP3933,"","2376",3,00A092,000000
32938,OP3933,"","2318",3,8AD3DE,000000
32942,OP3933,"","2322",3,D2D200,000000
33267,OP3933,"","2341",3,F37941,000000
31219,OP6040,"","CHOISYBUS",3,DFB039,000000
32473,OP6040,"P'TIT BUS","Le P'tit Bus du Pré",3,D20D44,FFFFFF
31286,OP6040,"THIAIS","La Navette de Thiais",3,3C91DC,FFFFFF
8565,OP2716,"FUN","FUNICULAIRE",7,AFAFAF,000000
15130,OP2716,"","ORLYVAL",0,5EC5ED,FFFFFF
8567,OP2716,"7bis","7B",1,6ECA97,000000
15097,OP2716,"3bis","3B",1,6EC4E8,000000
8563,OP2716,"","12",1,007852,FFFFFF
15095,OP2716,"","9",1,B6BD00,000000
9002,OP2716,"","1",1,FFBE00,000000
8818,OP2716,"","14",1,62259D,FFFFFF
15092,OP2716,"","7",1,F49FB3,000000
15094,OP2716,"","2",1,0055C8,FFFFFF
15091,OP2716,"","3",1,6E6E00,FFFFFF
15093,OP2716,"","8",1,D282BE,000000
15061,OP2716,"","4",1,A0006E,FFFFFF
9076,OP2716,"","T7",0,704B1C,FFFFFF
9242,OP2716,"","T5",0,62259D,FFFFFF
8821,OP2716,"","T8",0,837902,FFFFFF
8601,OP2716,"","T6",0,E2231A,FFFFFF
8819,OP2716,"","T3b",0,00AE41,FFFFFF
15096,OP2716,"","13",1,6EC4E8,000000
15098,OP2716,"","5",1,FF7E2E,000000
8562,OP2716,"","11",1,704B1C,FFFFFF
31056,OP2716,"","559",3,FFBE00,000000
31057,OP2716,"","208",3,A0006E,FFFFFF
15223,OP2716,"","32",3,6E6E00,FFFFFF
15277,OP2716,"","353",3,D2D200,000000
15066,OP2716,"","181",3,6E5B1E,FFFFFF
15024,OP2716,"","171",3,FF1400,FFFFFF
15202,OP2716,"","272",3,FF5A00,000000
19070,OP2716,"","485",3,FF5A00,000000
19073,OP2716,"","248",3,D282BE,000000
14952,OP2716,"","351",3,F1C232,000000
15127,OP2716,"NEY-FLA","La Traverse Ney - Flandre",3,C5A3CA,000000
15255,OP2716,"","292",3,FF82B4,000000
9158,OP2716,"","91",3,DC9600,000000
27920,OP2716,"","73",3,6E491E,FFFFFF
32171,OP2716,"","196",3,DC9600,000000
15046,OP2716,"","N02",3,FF1400,FFFFFF
14989,OP2716,"","V7",3,D35E3C,FFFFFF
14950,OP2716,"","182",3,A0006E,FFFFFF
15195,OP2716,"","360",3,D2D200,000000
15006,OP2716,"","250",3,A0006E,FFFFFF
15191,OP2716,"","278",3,D282BE,000000
15186,OP2716,"","258",3,FF1400,FFFFFF
15192,OP2716,"","144",3,D282BE,000000
15083,OP2716,"","188",3,D282BE,000000
15187,OP2716,"","304",3,D2D200,000000
15166,OP2716,"","260",3,FFBE00,000000
15102,OP2716,"","N45",3,FFBE00,000000
15253,OP2716,"","285",3,A0006E,FFFFFF
14985,OP2716,"","V2",3,DF9AB1,000000
15117,OP2716,"","75",3,FFBE00,000000
15217,OP2716,"","PC",3,0055C8,FFFFFF
15239,OP2716,"","129",3,6E6E00,FFFFFF
19072,OP2716,"","61",3,00643C,FFFFFF
15100,OP2716,"","N44",3,82DC73,000000
15035,OP2716,"","361",3,0055C8,FFFFFF
14970,OP2716,"","234",3,FF5A00,000000
10368,OP2716,"","165",3,FF5A00,000000
29967,OP2716,"","102",3,FFBE00,000000
15201,OP2716,"","378",3,00643C,FFFFFF
15156,OP2716,"","459",3,FF1400,FFFFFF
15065,OP2716,"","67",3,FF82B4,000000
27616,OP2716,"","163",3,DC9600,000000
15907,OP2716,"","564",3,0055C8,FFFFFF
15122,OP2716,"","341",3,FFBE00,000000
15043,OP2716,"","N41",3,FF82B4,000000
15262,OP2716,"","153",3,00643C,FFFFFF
15013,OP2716,"","N43",3,FF5A00,FFFFFF
14996,OP2716,"","123",3,00643C,FFFFFF
15678,OP2716,"","565",3,00643C,FFFFFF
27198,OP2716,"","82",3,FF5A00,000000
15198,OP2716,"","157",3,A0006E,FFFFFF
15056,OP2716,"","486",3,00643C,FFFFFF
15029,OP2716,"","269",3,FF5A00,000000
15260,OP2716,"","168",3,82C8E6,000000
8852,OP2716,"","193",3,996633,FFFFFF
15172,OP2716,"","109",3,D2D200,000000
27618,OP2716,"","141",3,DC9600,000000
28150,OP2716,"","42",3,FFBE00,000000
15256,OP2716,"","323",3,D2D200,000000
15199,OP2716,"","276",3,FF1400,FFFFFF
8609,OP2716,"","391",3,D2D200,000000
15052,OP2716,"","471",3,0055C8,FFFFFF
15196,OP2716,"","426",3,6E491E,FFFFFF
12421,OP2716,"","159",3,640082,FFFFFF
15115,OP2716,"","60",3,FF1400,FFFFFF
15257,OP2716,"","270",3,FF82B4,000000
15240,OP2716,"","301",3,D2D200,000000
15182,OP2716,"","158",3,FF5A00,000000
15205,OP2716,"","176",3,DC9600,000000
15275,OP2716,"","88",3,D2D200,000000
15137,OP2716,"","TVM",3,216EB4,FFFFFF
15060,OP2716,"","179",3,00643C,FFFFFF
15023,OP2716,"","268",3,DC9600,000000
14976,OP2716,"","TILLBUS",3,C5A3CA,000000
18081,OP2716,"AS","AS AUTOBUS SURESNOIS",3,216EB4,FFFFFF
18107,OP2716,"AS","AS AUTOBUS SURESNOIS",3,216EB4,FFFFFF
14982,OP2716,"TUB","TRANSPORT URBAIN BONDYNOIS",3,8E6538,FFFFFF
14983,OP2716,"","V3",3,CDC83F,000000
14984,OP2716,"","V4",3,67328E,FFFFFF
15129,OP2716,"BATIGNO","La Traverse Batignolles-Bichat",3,67328E,FFFFFF
15768,OP2716,"","355",3,640082,FFFFFF
14953,OP2716,"","184",3,DC9600,000000
15170,OP2716,"","63",3,D2D200,000000
27061,OP2716,"","125",3,0055C8,FFFFFF
15251,OP2716,"","286",3,D282BE,000000
30196,OP2716,"","277",3,640082,FFFFFF
15131,OP2716,"","10",1,C9910D,000000
15159,OP2716,"","22",3,00643C,FFFFFF
15045,OP2716,"","N01",3,A0006E,FFFFFF
15084,OP2716,"","195",3,A0006E,FFFFFF
15036,OP2716,"","294",3,D282BE,000000
18079,OP2716,"","595",3,0055C8,FFFFFF
15267,OP2716,"","152",3,FF1400,FFFFFF
15215,OP2716,"","6",1,6ECA97,000000
15126,OP2716,"BIEVRES","La Traverse Bièvre Montsouris",3,BB4D98,FFFFFF
14987,OP2716,"","V5",3,328E5B,FFFFFF
16668,OP2716,"","V6",3,79BB92,000000
15268,OP2716,"","133",3,82DC73,000000
15008,OP2716,"","356",3,FF5A00,000000
15237,OP2716,"","487",3,FFBE00,000000
15003,OP2716,"","492",3,FFBE00,000000
27160,OP2716,"","255",3,6E6E00,FFFFFF
15261,OP2716,"","173",3,0055C8,FFFFFF
24289,OP2716,"","372",3,FFBE00,000000
15106,OP2716,"","87",3,640082,FFFFFF
17493,OP2716,"","119",3,FFBE00,000000
15032,OP2716,"","68",3,FFBE00,000000
18932,OP2716,"","83",3,FFBE00,000000
15030,OP2716,"","215",3,82DC73,000000
15031,OP2716,"","322",3,82C8E6,000000
28085,OP2716,"","84",3,D282BE,000000
15027,OP2716,"","189",3,FF5A00,000000
15108,OP2716,"","96",3,DC9600,000000
15059,OP2716,"","59",3,DC9600,000000
15037,OP2716,"","289",3,A0006E,FFFFFF
15242,OP2716,"","71",3,6E491E,FFFFFF
15022,OP2716,"","26",3,FF5A00,000000
15000,OP2716,"","254",3,82DC73,000000
16770,OP2716,"","70",3,FF5A00,000000
15167,OP2716,"","389",3,0055C8,FFFFFF
19342,OP2716,"CHARONNE","La Traverse de Charonne",3,216EB4,FFFFFF
15007,OP2716,"","89",3,82C8E6,000000
15206,OP2716,"","366",3,0055C8,FFFFFF
14974,OP2716,"","393",3,82C8E6,000000
15229,OP2716,"","187",3,640082,FFFFFF
15145,OP2716,"","86",3,FF1400,FFFFFF
15155,OP2716,"","104",3,FF1400,FFFFFF
26798,OP2716,"","202",3,65318F,FFFFFF
15110,OP2716,"","143",3,0055C8,FFFFFF
15158,OP2716,"","180",3,6E6E00,FFFFFF
15079,OP2716,"","117",3,00643C,FFFFFF
15276,OP2716,"","150",3,FF82B4,000000
15015,OP2716,"","252",3,FF0000,000000
31715,OP2716,"","319",3,00643C,FFFFFF
15222,OP2716,"","308",3,82DC73,000000
15104,OP2716,"","29",3,82C8E6,000000
14963,OP2716,"","199",3,D2D200,000000
15073,OP2716,"","281",3,DC9600,000000
15089,OP2716,"","317",3,D2D200,000000
14961,OP2716,"","47",3,FF82B4,000000
14972,OP2716,"","131",3,6E5B1E,FFFFFF
14973,OP2716,"","396",3,D2D200,000000
15080,OP2716,"","128",3,6E5B1E,FFFFFF
15111,OP2716,"","318",3,0055C8,FFFFFF
15214,OP2716,"","24",3,A0006E,FFFFFF
15018,OP2716,"","385",3,DC9600,000000
15254,OP2716,"","183",3,FF1400,FFFFFF
15070,OP2716,"","217",3,640082,FFFFFF
15064,OP2716,"","21",3,82DC73,000000
14971,OP2716,"","54",3,82C8E6,000000
31714,OP2716,"","399",3,82C8E6,000000
26700,OP2716,"","145",3,A0006E,FFFFFF
16408,OP2716,"","EOLIEN",3,82DC73,000000
15203,OP2716,"","160",3,00643C,FFFFFF
27199,OP2716,"","72",3,FF1400,FFFFFF
15105,OP2716,"","76",3,640082,FFFFFF
15279,OP2716,"","151",3,A0006E,FFFFFF
15125,OP2716,"","350",3,9900FF,FFFFFF
15245,OP2716,"","77",3,0055C8,FFFFFF
15175,OP2716,"","122",3,D282BE,000000
28151,OP2716,"","30",3,640082,FFFFFF
14968,OP2716,"","132",3,640082,FFFFFF
15246,OP2716,"","48",3,0055C8,FFFFFF
15218,OP2716,"","147",3,FF1400,FFFFFF
14997,OP2716,"","261",3,FF1400,FFFFFF
9241,OP2716,"","T1",0,003CA6,FFFFFF
15174,OP2716,"","121",3,FF1400,FFFFFF
8820,OP2716,"","T3a",0,FF7E2E,000000
15109,OP2716,"","115",3,00643C,FFFFFF
15209,OP2716,"","241",3,6E491E,FFFFFF
26005,OP2716,"","191",3,FF82B4,000000
14964,OP2716,"","25",3,FF1400,FFFFFF
15028,OP2716,"","190",3,6E491E,FFFFFF
15227,OP2716,"","192",3,82DC73,000000
28084,OP2716,"","94",3,A0006E,FFFFFF
15193,OP2716,"","263",3,FF82B4,000000
15225,OP2716,"","346",3,D2D200,000000
12422,OP2716,"","275",3,FFBE00,000000
15141,OP2716,"","39",3,A0006E,FFFFFF
14957,OP2716,"","325",3,82C8E6,000000
15180,OP2716,"","146",3,D282BE,000000
27424,OP2716,"","467",3,6E6E00,FFFFFF
15140,OP2716,"","62",3,6E5B1E,FFFFFF
15244,OP2716,"","64",3,82DC73,000000
26412,OP2716,"","244",3,A0006E,FFFFFF
15120,OP2716,"","330",3,FFBE00,000000
15228,OP2716,"","185",3,FF5A00,000000
14951,OP2716,"","170",3,82C8E6,000000
15184,OP2716,"","164",3,A0006E,FFFFFF
15226,OP2716,"","105",3,FF5A00,000000
14967,OP2716,"","186",3,A0006E,FFFFFF
15224,OP2716,"","28",3,FF82B4,000000
14955,OP2716,"","299",3,FF5A00,000000
14949,OP2716,"","297",3,A0006E,FFFFFF
17263,OP2716,"","382",3,8D653D,FFFFFF
15274,OP2716,"","395",3,0055C8,FFFFFF
15014,OP2716,"","256",3,6E5B1E,FFFFFF
31978,OP2716,"","35",3,82DC73,000000
16931,OP2716,"","139",3,FF5A00,000000
14975,OP2716,"","394",3,640082,FFFFFF
15248,OP2716,"","69",3,82C8E6,000000
15010,OP2716,"","126",3,82C8E6,000000
15168,OP2716,"","162",3,0055C8,FFFFFF
15085,OP2716,"","103",3,FF5A00,000000
15280,OP2716,"","291",3,BF9000,000000
15221,OP2716,"","20",3,FF5A00,000000
15164,OP2716,"","390",3,82C8E6,000000
14966,OP2716,"","45",3,FF82B4,000000
15644,OP2716,"","93",3,82DC73,000000
15087,OP2716,"","290",3,D282BE,000000
15041,OP2716,"","N53",3,82DC73,000000
15021,OP2716,"","194",3,FF5A00,000000
15114,OP2716,"","43",3,FF1400,FFFFFF
15034,OP2716,"","169",3,82DC73,000000
14993,OP2716,"","N52",3,D2D200,000000
15053,OP2716,"","247",3,FF5A00,000000
15149,OP2716,"","46",3,D2D200,000000
14994,OP2716,"","N51",3,FFBE00,000000
17821,OP2716,"","58",3,00643C,FFFFFF
29966,OP2716,"","245",3,B6134C,FFFFFF
15055,OP2716,"","337",3,640082,FFFFFF
15062,OP2716,"","N62",3,FF82B4,000000
14965,OP2716,"","172",3,00643C,FFFFFF
15271,OP2716,"","388",3,FFBE00,000000
26897,OP2716,"","N31",3,FF82B4,000000
15099,OP2716,"","216",3,FF1400,FFFFFF
28678,OP2716,"","302",3,FFBE00,000000
15185,OP2716,"","57",3,6E6E00,FFFFFF
18712,OP2716,"","95",3,640082,FFFFFF
15207,OP2716,"","52",3,82C8E6,000000
16699,OP2716,"","27",3,FF5A00,000000
9148,OP2716,"","31",3,FFBE00,000000
15026,OP2716,"","N22",3,FFBE00,000000
15273,OP2716,"","253",3,FFBE00,000000
15049,OP2716,"","N14",3,82DC73,000000
15169,OP2716,"","N24",3,FF5A00,FFFFFF
15135,OP2716,"","N21",3,82DC73,000000
15048,OP2716,"","N15",3,FFBE00,000000
15012,OP2716,"","239",3,A0006E,FFFFFF
15038,OP2716,"","N23",3,DC9600,000000
14962,OP2716,"","380",3,82DC73,000000
14999,OP2716,"","N12",3,DC9600,000000
17491,OP2716,"","N13",3,FF82B4,000000
15770,OP2716,"","197",3,FF1400,FFFFFF
26039,OP2716,"","167",3,82DC73,000000
20956,OP2716,"","367",3,FFBE00,000000
15181,OP2716,"","148",3,6E491E,FFFFFF
15190,OP2716,"","259",3,3C91DC,FFFFFF
9039,OP2716,"","T2",0,CF009E,FFFFFF
15119,OP2716,"","249",3,D2D200,000000
15220,OP2716,"","80",3,FF82B4,000000
15150,OP2716,"","56",3,A0006E,FFFFFF
15011,OP2716,"","N61",3,DC9600,000000
15004,OP2716,"","N66",3,FF1400,FFFFFF
33397,OP2716,"","ROISSYBUS",3,FF1400,FFFFFF
15136,OP2716,"","N63",3,D2D200,000000
33398,OP2716,"","240",3,B90845,FFFFFF
27325,OP2716,"","38",3,0055C8,FFFFFF
15243,OP2716,"","488",3,0055C8,FFFFFF
18019,OP6172,"","T13",0,8D653D,FFFFFF
24058,OP6172,"","T12",0,A50034,FFFFFF
22210,OP3945,"","401",3,82C8E6,000000
22211,OP3945,"","402",3,FF5A00,000000
22212,OP3945,"","412",3,FF0000,FFFFFF
22278,OP3945,"","408",3,FFBE00,000000
22279,OP3945,"","409",3,00643C,FFFFFF
22215,OP3945,"","418",3,0055C8,FFFFFF
22214,OP3945,"","415",3,D2D200,000000
21979,OP3945,"","T10",0,6E6E00,FFFFFF
9012,OP6107,"","66",3,00643C,FFFFFF
19076,OP6107,"","74",3,D2D200,000000
19071,OP6107,"","85",3,6E491E,FFFFFF
15157,OP6107,"","137",3,FF5A00,000000
15278,OP6107,"","138",3,A0006E,FFFFFF
15118,OP6107,"","140",3,FF1400,FFFFFF
12287,OP6107,"","166",3,640082,FFFFFF
15152,OP6107,"","174",3,00643C,FFFFFF
15171,OP6107,"","175",3,0055C8,FFFFFF
15160,OP6107,"","177",3,82DC73,000000
15153,OP6107,"","178",3,0055C8,FFFFFF
15163,OP6107,"","235",3,FFBE00,000000
27853,OP6107,"","237",3,D282BE,000000
15090,OP6107,"","238",3,FF82B4,000000
15154,OP6107,"","274",3,FF1400,FFFFFF
15121,OP6107,"","340",3,DC9600,000000
15112,OP6107,"AUDONIE","L'AUDONIENNE",3,DF9AB1,000000
15113,OP6107,"RIVER","RIVER PLAZA",3,DE8B53,000000
19835,OP6107,"PORT","Le Bus du port",3,9A9940,000000
30230,OP6107,"","363",3,A50034,FFFFFF
8622,OP6106,"","101",3,FFBE00,000000
15069,OP6106,"","106",3,FF1400,FFFFFF
15071,OP6106,"","107",3,FF82B4,000000
15072,OP6106,"","108",3,FF82B4,000000
15074,OP6106,"","110",3,640082,FFFFFF
15075,OP6106,"","111",3,D282BE,000000
15173,OP6106,"","112",3,FF5A00,000000
15077,OP6106,"","113",3,FF1400,FFFFFF
26830,OP6106,"","116",3,82C8E6,000000
27556,OP6106,"","118",3,DC9600,000000
15252,OP6106,"","120",3,D282BE,000000
26896,OP6106,"","124",3,FF82B4,000000
15216,OP6106,"","201",3,6E491E,FFFFFF
15088,OP6106,"","203",3,FF82B4,000000
15019,OP6106,"","210",3,FFBE00,000000
15232,OP6106,"","214",3,D282BE,000000
15234,OP6106,"","221",3,FF82B4,000000
15265,OP6106,"","303",3,6E6E00,FFFFFF
15076,OP6106,"","306",3,0055C8,FFFFFF
14977,OP6106,"","520",3,00643C,FFFFFF
27721,OP6106,"","N34",3,D2D200,000000
15039,OP6106,"","N33",3,FF5A00,FFFFFF
15047,OP6106,"","N11",3,FF5A00,FFFFFF
15103,OP6106,"","N16",3,D2D200,000000
15042,OP6106,"","N71",3,A0006E,FFFFFF
15176,OP6106,"","114",3,82DC73,000000
15178,OP6106,"","127",3,FF5A00,000000
15040,OP6106,"","N32",3,DC9600,000000
15044,OP6106,"","N35",3,FFBE00,000000
32639,OP2815,"","5445",3,65318F,FFFFFF
32640,OP2815,"","5484",3,65318F,FFFFFF
32641,OP2815,"","5437",3,FFCC30,000000
32642,OP2815,"","5421",3,008B5B,FFFFFF
32643,OP2815,"","5465",3,8AD3DE,000000
32644,OP2815,"","5424",3,B94E9A,FFFFFF
32645,OP2815,"","5467",3,FFCC30,000000
32646,OP2815,"","5409",3,008B5B,FFFFFF
32647,OP2815,"","5476",3,006FB6,FFFFFF
32648,OP2815,"","5447",3,5091CB,FFFFFF
32649,OP2815,"","5478",3,7AC597,000000
32650,OP2815,"","5479",3,F49FB3,000000
32651,OP2815,"","5480",3,C4A4CC,000000
32652,OP2815,"","5422",3,8AD3DE,000000
32653,OP2815,"","5486",3,65318F,FFFFFF
32655,OP2815,"","5451",3,F58F53,000000
32656,OP2815,"","5452",3,DFAF47,000000
32658,OP2815,"","5470",3,FFCC30,000000
32659,OP2815,"","5438",3,FFCC30,000000
32660,OP2815,"","5490",3,9B9842,FFFFFF
32661,OP2815,"","5448",3,8D653D,FFFFFF
32662,OP2815,"","5489",3,006FB6,FFFFFF
32663,OP2815,"","5491",3,EB2132,FFFFFF
32664,OP2815,"","5458",3,7AC597,000000
32665,OP2815,"","5435",3,CEC73D,000000
32666,OP2815,"","5433",3,FFCC30,000000
32667,OP2815,"","5474",3,F58F53,FFFFFF
32668,OP2815,"","5432",3,65318F,FFFFFF
32669,OP2815,"","5410",3,EB2132,FFFFFF
32670,OP2815,"","5402",3,006FB6,FFFFFF
32671,OP2815,"","5420",3,F58F53,000000
32672,OP2815,"","5407",3,DFAF47,000000
19373,OP2815,"","N151",3,CEC92A,000000
32673,OP2815,"","5412",3,5091CB,FFFFFF
32674,OP2815,"","5462",3,C4A4CC,000000
32675,OP2815,"","5426",3,B94E9A,FFFFFF
32676,OP2815,"","5431",3,B6134C,FFFFFF
32677,OP2815,"","5436",3,F49FB3,000000
32678,OP2815,"","7823",3,5091CB,FFFFFF
32679,OP2815,"","5441",3,CEC73D,000000
32680,OP2815,"","5477",3,8D653D,FFFFFF
28117,OP2815,"","7825",3,5091CB,FFFFFF
32681,OP2815,"","5442",3,9B9842,FFFFFF
32682,OP2815,"","5443",3,5091CB,FFFFFF
32683,OP2815,"","5455",3,B6134C,FFFFFF
32684,OP2815,"","5482",3,00B297,FFFFFF
32657,OP2815,"","5469",3,DFAF47,FFFFFF
32686,OP2815,"","5414",3,CEC73D,000000
32687,OP2815,"","5406",3,F49FB3,000000
32688,OP2815,"","5408",3,8D653D,FFFFFF
32689,OP2815,"","5427",3,008B5B,FFFFFF
32690,OP2815,"","5413",3,00B297,FFFFFF
32691,OP2815,"","5401",3,EB2132,FFFFFF
32692,OP2815,"","7820",3,3C91DC,FFFFFF
32770,OP2815,"","5403",3,8AD3DE,000000
32694,OP2815,"","5425",3,7AC597,000000
32638,OP2815,"","5444",3,DFAF47,000000
32654,OP2815,"","5457",3,DFAF47,000000
32685,OP2815,"","5405",3,006FB6,FFFFFF
32693,OP2815,"","5411",3,FFCC30,000000
28384,OP2815,"Soir","Soir Mantes-la-Ville",3,652C8F,FFFFFF
25479,OP2815,"Soir","Soir Aubergenville",3,652C8F,FFFFFF
32177,OP2815,"","5404",3,8AD3DE,000000
32178,OP2815,"","5463",3,B6134C,FFFFFF
32984,OP3943,"","9160",3,3BB2FF,000000
32986,OP3943,"","4603",3,50B586,FFFFFF
32987,OP3943,"","4604",3,E78C29,000000
32989,OP3943,"","4607",3,FACC00,000000
32990,OP3943,"","4608",3,E7A3BF,000000
32991,OP3943,"","4601",3,CF2939,FFFFFF
32992,OP3943,"","4614",3,54AEE3,000000
32997,OP3943,"","4610",3,F0BCD4,000000
32998,OP3943,"","4611",3,009A7A,FFFFFF
32999,OP3943,"","4612",3,FFD300,000000
33001,OP3943,"","4650",3,007E49,FFFFFF
33003,OP3943,"","4641",3,F19043,000000
33010,OP3943,"","9108",3,3BB2FF,000000
31021,OP3943,"","4602",3,FFBE00,000000
31087,OP3943,"","4621",3,6E491E,FFFFFF
33017,OP3943,"","4615",3,253B82,FFFFFF
33019,OP3943,"","4626",3,8A5D99,FFFFFF
32696,OP3943,"","4627",3,00A092,FFFFFF
32697,OP3943,"","4665",3,FF1400,FFFFFF
32703,OP3943,"","4670",3,FFBE00,000000
33004,OP3943,"","4613",3,0065AE,FFFFFF
33007,OP3943,"","4609",3,D7437E,FFFFFF
33009,OP3943,"","4606",3,3BB2FF,000000
32988,OP3943,"","4605",3,0087C8,FFFFFF
32994,OP3943,"","4616",3,E78C2A,000000
32995,OP3943,"","4619",3,E78C2A,000000
32996,OP3943,"","4634",3,19FF99,000000
33002,OP3943,"","4643",3,0065AE,FFFFFF
33005,OP3943,"","4617",3,5292C9,FFFFFF
33006,OP3943,"","4644",3,FFCE00,000000
33014,OP3943,"","4642",3,D6C900,FFFFFF
33016,OP3943,"","4636",3,FF6600,FFFFFF
33020,OP3943,"","4618",3,CFC83B,000000
32044,OP3943,"","DM10A",3,99D4DF,000000
32985,OP3943,"","4660",3,9998BE,000000
32993,OP3943,"","4655",3,253B82,FFFFFF
33000,OP3943,"","4653",3,78C4EE,000000
33008,OP3943,"","9105",3,3BB2FF,FFFFFF
33011,OP3943,"","4661",3,FFED00,000000
33012,OP3943,"","4663",3,B6D061,000000
33013,OP3943,"","4664",3,D073A1,000000
31023,OP3943,"","4622",3,CEC73D,000000
33015,OP3943,"","4657",3,D6C900,000000
33233,OP3943,"","4659",3,C20069,FFFFFF
33021,OP3943,"","4662",3,54AEE3,FFFFFF
33022,OP3943,"","4651",3,E4B428,000000
33023,OP3943,"TAD","TàD Courtaboeuf",3,FECB00,000000
32698,OP3943,"","4666",3,D282BE,000000
32699,OP3943,"","4671",3,FF1400,FFFFFF
32700,OP3943,"","4673",3,0055C8,FFFFFF
32701,OP3943,"","4674",3,FF5A00,000000
32702,OP3943,"","4672",3,00A092,000000
32704,OP3943,"","4654",3,D2D200,000000
32705,OP3943,"","4652",3,00643C,FFFFFF
15327,OP5974,"","T11",0,F58F53,000000
30569,OP5974,"","T14",0,00A092,FFFFFF
15317,OP5974,"","T4",0,DFAF47,000000
29438,OP5514,"","4277",3,82C8E6,000000
29472,OP5514,"","4250",3,0055C8,FFFFFF
29473,OP5514,"","4251",3,0055C8,FFFFFF
29460,OP5514,"","4217",3,00A092,FFFFFF
29439,OP5514,"","4203",3,0055C8,FFFFFF
29440,OP5514,"","4230",3,FFBE00,FFFFFF
29441,OP5514,"","4274",3,FFBE00,000000
29442,OP5514,"","4243",3,00643C,FFFFFF
29443,OP5514,"","4273",3,82DC73,000000
29444,OP5514,"","4233",3,6E491E,FFFFFF
29445,OP5514,"","4205",3,82C8E6,000000
29446,OP5514,"","4280",3,A0981A,FFFFFF
29447,OP5514,"","4223",3,FF1400,FFFFFF
29448,OP5514,"","4231",3,D282BE,000000
29449,OP5514,"","4271",3,82DC73,000000
29450,OP5514,"","4232",3,FF5A00,000000
29451,OP5514,"","4275",3,FF1400,FFFFFF
29452,OP5514,"","4276",3,0055C8,FFFFFF
29453,OP5514,"","4221",3,6E6E00,FFFFFF
29454,OP5514,"","4201",3,D282BE,000000
29455,OP5514,"","4206",3,FF1400,FFFFFF
29801,OP5514,"","4212",3,FF5A00,000000
29457,OP5514,"","4204",3,D2D200,000000
29458,OP5514,"","4241",3,0055C8,FFFFFF
29459,OP5514,"","4202",3,82C8E6,000000
29461,OP5514,"","4244",3,82DC73,000000
29462,OP5514,"","4246",3,A0981A,FFFFFF
29463,OP5514,"","4213",3,FFBE00,000000
29464,OP5514,"","4214",3,FF82B4,000000
29465,OP5514,"","4245",3,6E491E,FFFFFF
29466,OP5514,"","4218",3,82DC73,000000
29467,OP5514,"","4219",3,FF5A00,000000
24937,OP5514,"","N139",3,00643C,FFFFFF
29468,OP5514,"","4216",3,FF82B4,000000
33201,OP5514,"","4240",3,FF5A00,FFFFFF
29470,OP5514,"","4220",3,00643C,FFFFFF
29471,OP5514,"","4272",3,FF5A00,000000
29474,OP5514,"","4242",3,FF1400,FFFFFF
29344,OP5514,"","9112",3,3C91DC,FFFFFF
30724,OP5514,"","4215",3,FF82B4,000000
29537,OP5514,"","4270",3,82C8E6,000000
29538,OP5514,"","4278",3,FFBE00,000000
29539,OP5514,"","4279",3,82DC73,000000
29584,OP5514,"","4222",3,D2D200,000000
25511,OP5710,"","1",3,FF0000,FFFFFF
25512,OP5710,"","2",3,FFBF00,000000
15313,OP2690,"TER","TER Normandie",2,AAAAAA,000000
15310,OP2703,"","P",2,F58F53,000000
15315,OP2703,"","L",2,C4A4CC,000000
33563,OP2660,"","D",3,008B5B,FFFFFF
15318,OP2703,"","H",2,84653D,FFFFFF
15302,OP2660,"","D",2,008B5B,FFFFFF
15307,OP2660,"","E",2,B94E9A,FFFFFF
15321,OP2703,"","R",2,F49FB3,000000
15308,OP2703,"","J",2,CEC73D,000000
33576,OP2660,"","D",3,008B5B,FFFFFF
15304,OP2703,"","N",2,00B297,FFFFFF
29107,OP2703,"","V",2,9F9825,FFFFFF
15316,OP2703,"","U",2,B6134C,FFFFFF
33571,OP2703,"","R",3,F49FB3,000000
33565,OP2660,"","B",3,5091CB,FFFFFF
33564,OP2703,"","P",3,F58F53,000000
33570,OP2703,"","H",3,8D653D,FFFFFF
33572,OP2703,"","J",3,CEC73D,000000
33566,OP2703,"","L",3,C4A4CC,000000
33569,OP2660,"","C",3,FFCC30,000000
33574,OP2703,"","N",3,00B297,FFFFFF
33567,OP2660,"","E",3,B94E9A,FFFFFF
33573,OP2703,"","U",3,B6134C,FFFFFF
15324,OP2660,"","C",2,FFCC30,000000
29607,OP4885,"","4530",3,A0006E,FFFFFF
29594,OP4885,"","4523",3,FF82B4,000000
29613,OP4885,"","4550",3,0055C8,FFFFFF
29601,OP4885,"9115","EXPRESS 9115",3,3C91DC,FFFFFF
29617,OP4885,"","4582",3,00643C,FFFFFF
29619,OP4885,"","4578",3,D282BE,000000
29620,OP4885,"","4570",3,DC9600,000000
29622,OP4885,"","4571",3,FF1400,FFFFFF
29623,OP4885,"","4572",3,00643C,FFFFFF
29624,OP4885,"","4573",3,FF5A00,000000
29625,OP4885,"","4574",3,A50034,FFFFFF
29676,OP4885,"","4575",3,00A092,FFFFFF
29627,OP4885,"","4580",3,82C8E6,000000
29678,OP4885,"","TàD 4596",3,A0006E,FFFFFF
29603,OP4885,"","4520",3,82DC73,000000
29630,OP4885,"","4577",3,82C8E6,000000
29679,OP4885,"","TàD 4597",3,FF5A00,FFFFFF
29604,OP4885,"","4524",3,D2D200,000000
29680,OP4885,"","TàD 4591",3,D282BE,000000
29682,OP4885,"","TàD 4595",3,0055C8,FFFFFF
29605,OP4885,"","4513",3,A50034,FFFFFF
29606,OP4885,"","4536",3,FFBE00,000000
28580,OP4885,"","4584",3,FF82B4,000000
29586,OP4885,"","4511",3,FF1400,FFFFFF
29587,OP4885,"","4512",3,FFBE00,000000
29588,OP4885,"","4514",3,82C8E6,000000
29589,OP4885,"","4501",3,82C8E6,000000
29590,OP4885,"","4515",3,82DC73,000000
29591,OP4885,"","4510",3,D2D200,000000
29592,OP4885,"","4540",3,82C8E6,000000
29593,OP4885,"","4541",3,FF1400,FFFFFF
29608,OP4885,"","4517",3,00643C,FFFFFF
29597,OP4885,"","4518",3,FF5A00,000000
29610,OP4885,"","4543",3,D282BE,000000
29611,OP4885,"","4537",3,FF1400,FFFFFF
29598,OP4885,"","4542",3,00643C,FFFFFF
29599,OP4885,"","4521",3,FFBE00,000000
29600,OP4885,"","4522",3,D282BE,000000
29614,OP4885,"","4556",3,FF82B4,000000
29602,OP4885,"","4503",3,82C8E6,000000
29615,OP4885,"","4551",3,3C91DC,FFFFFF
29616,OP4885,"","4552",3,FF1400,FFFFFF
29618,OP4885,"","4576",3,D2D200,000000
29672,OP4885,"","4531",3,FF1400,FFFFFF
29673,OP4885,"","4534",3,DC9600,000000
29674,OP4885,"","4533",3,82DC73,000000
29675,OP4885,"","4504",3,FF1400,FFFFFF
15341,OP4885,"","N131",3,FFBE00,000000
29669,OP4885,"","4502",3,A50034,FFFFFF
29621,OP4885,"","4583",3,6E6E00,FFFFFF
29670,OP4885,"9118","EXPRESS 9118",3,3C91DC,FFFFFF
29628,OP4885,"","4581",3,82C8E6,000000
29629,OP4885,"9114","EXPRESS 9114",3,3C91DC,FFFFFF
29631,OP4885,"","4579",3,D282BE,000000
29632,OP4885,"","4535",3,D282BE,000000
29681,OP4885,"","TàD 4592",3,6E6E00,FFFFFF
24721,OP4885,"","N123",3,A50034,FFFFFF
28579,OP4885,"Soir","Soir Brétigny",3,640082,FFFFFF
29585,OP4885,"","4553",3,FF1400,FFFFFF
29596,OP4885,"","4516",3,FFBE00,000000
29612,OP4885,"","4538",3,82C8E6,000000
29671,OP4885,"","4555",3,FF5A00,000000
29626,OP4885,"","4554",3,0055C8,FFFFFF
29677,OP4885,"","4532",3,0055C8,FFFFFF
33629,OP4885,"","4505",3,0055C8,FFFFFF
29609,OP4885,"","4539",3,A0006E,FFFFFF
26104,OP4824,"","450",3,3C91DC,FFFFFF
26097,OP4824,"","437",3,82DC73,000000
26098,OP4824,"","438",3,00A092,FFFFFF
15442,OP4824,"100","Express 100",3,3C91DC,FFFFFF
26099,OP4824,"","440",3,6E491E,FFFFFF
32180,OP4824,"","451",3,82C8E6,000000
26095,OP4824,"","431",3,640082,FFFFFF
26094,OP4824,"","432",3,FF1400,FFFFFF
26096,OP4824,"","433",3,3C91DC,FFFFFF
26092,OP4824,"","434",3,FFBE00,000000
26093,OP4824,"","435",3,FF5A00,000000
26101,OP4824,"","436",3,0055C8,FFFFFF
26106,OP4824,"","449",3,0055C8,FFFFFF
26108,OP4824,"","443",3,6E6E00,FFFFFF
26109,OP4824,"","444",3,D2D200,000000
26110,OP4824,"","445",3,E15A00,000000
26111,OP4824,"","441",3,FF1400,FFFFFF
26112,OP4824,"","442",3,FF82B4,000000
26113,OP4824,"","446",3,00643C,FFFFFF
26114,OP4824,"","447",3,3C91DC,FFFFFF
26115,OP4824,"","448",3,0055C8,FFFFFF
26116,OP4824,"","439",3,FF82B4,000000
33298,OP2696,"","C1",6,3C91DC,000000
26102,OP4824,"","428",3,FF1400,FFFFFF
26103,OP4824,"","427",3,FFBE00,000000
27953,OP4824,"","429",3,FF82B4,000000
26107,OP4824,"","430",3,A50034,FFFFFF
33430,OP4824,"","N72",3,AAAAAA,000000
33268,OP6139,"","9509",3,3C91DC,FFFFFF
27660,OP2708,"","2223",3,A0006E,FFFFFF
26346,OP2708,"","2226",3,0055C8,FFFFFF
26347,OP2708,"","2229",3,00643C,FFFFFF
26348,OP2708,"","2292",3,FF5A00,000000
26349,OP2708,"","2234",3,640082,FFFFFF
26350,OP2708,"","2253",3,FFBE00,000000
26357,OP2708,"","2260",3,3C91DC,FFFFFF
26145,OP2708,"","2254",3,D2D200,000000
30394,OP2708,"Soir","Soir Marne-la-Vallée Chessy",3,652C8F,FFFFFF
30392,OP2708,"Soir","Soir Bussy-st-Georges",3,652C8F,FFFFFF
30393,OP2708,"Soir","Soir Val d'Europe",3,652C8F,FFFFFF
26339,OP2708,"","2251",3,FF82B4,000000
26340,OP2708,"","2290",3,FF5A00,000000
26336,OP2708,"","2250",3,71CC98,000000
26341,OP2708,"","2291",3,6E491E,FFFFFF
27659,OP2708,"","2221",3,D2D200,000000
27661,OP2708,"","2220",3,FFBE00,000000
27662,OP2708,"","2233",3,6E491E,FFFFFF
26353,OP2708,"","2244",3,6E6E00,FFFFFF
26354,OP2708,"","2263",3,3C91DC,FFFFFF
26355,OP2708,"","2262",3,82DC73,000000
26356,OP2708,"","2264",3,D282BE,000000
32011,OP2708,"","2261",3,A50034,FFFFFF
26338,OP2708,"","2224",3,FF82B4,000000
26360,OP2708,"","2231",3,006400,FFFFFF
26485,OP2708,"","2245",3,FFBE00,000000
26143,OP2708,"","2283",3,82C8E6,000000
26335,OP2708,"","2252",3,82C8E6,000000
26343,OP2708,"","2222",3,00643C,FFFFFF
26345,OP2708,"","2225",3,FF1400,FFFFFF
26484,OP2708,"","2228",3,A0006E,FFFFFF
32012,OP2708,"","2235",3,D282BE,000000
26362,OP2708,"","2280",3,D2D200,000000
26141,OP2708,"","2281",3,FFBE00,000000
26142,OP2708,"","2282",3,6E491E,FFFFFF
26144,OP2708,"","2284",3,D282BE,000000
23503,OP2666,"","3606",3,82DC73,000000
23504,OP2666,"","3610",3,6E6E00,FFFFFF
23253,OP2666,"","3651",3,FF5A00,000000
23254,OP2666,"","3652",3,A50034,FFFFFF
23506,OP2666,"","3634",3,3C91DC,FFFFFF
23256,OP2666,"","3655",3,00643C,FFFFFF
23257,OP2666,"","3659",3,D282BE,000000
23258,OP2666,"","3661",3,DC9600,000000
23260,OP2666,"","3663",3,82C8E6,000000
23261,OP2666,"","3664",3,FF1400,FFFFFF
23514,OP2666,"","3631",3,640082,FFFFFF
23262,OP2666,"","3666",3,6E6E00,FFFFFF
23508,OP2666,"","3632",3,FF82B4,000000
23505,OP2666,"","3612",3,D282BE,000000
23252,OP2666,"","3654",3,FFBE00,000000
23255,OP2666,"","3653",3,82C8E6,000000
23259,OP2666,"","3662",3,640082,FFFFFF
23264,OP2666,"","3658",3,0055C8,FFFFFF
28386,OP4919,"","3409",3,D2D200,000000
28387,OP4919,"","3405",3,77B5FE,FFFFFF
28388,OP4919,"","3406",3,A0006E,FFFFFF
28390,OP4919,"","3442",3,A0006E,FFFFFF
28391,OP4919,"","3444",3,00643C,FFFFFF
28392,OP4919,"","3445",3,A50034,FFFFFF
28385,OP4919,"","3401",3,FF1400,FFFFFF
28393,OP4919,"","3404",3,82DC73,000000
28394,OP4919,"","3403",3,FF5A00,000000
28395,OP4919,"","3412",3,FF5A00,000000
28396,OP4919,"","3439",3,00643C,FFFFFF
28397,OP4919,"","3443",3,D2D200,000000
28398,OP4919,"","3432",3,A50034,FFFFFF
28399,OP4919,"","3431",3,6E491E,FFFFFF
28400,OP4919,"","3437",3,FF5A00,000000
28401,OP4919,"","3451",3,00643C,FFFFFF
28402,OP4919,"","3453",3,FF5A00,000000
28403,OP4919,"","3458",3,82C8E6,000000
28404,OP4919,"","3455",3,A50034,FFFFFF
28405,OP4919,"","3454",3,0A0082,FFFFFF
32181,OP4919,"","3438",3,0055C8,FFFFFF
28407,OP4919,"","3434",3,FF82B4,000000
28408,OP4919,"","3435",3,A0006E,FFFFFF
28409,OP4919,"","3436",3,640082,FFFFFF
28410,OP4919,"","3430",3,00A092,FFFFFF
28411,OP4919,"","3433",3,FFBE00,000000
28412,OP4919,"","3407",3,FFBE00,000000
15332,OP4919,"","N132",3,008B5A,FFFFFF
28414,OP4919,"","3429",3,6E491E,FFFFFF
32182,OP4919,"","3421",3,0A0082,FFFFFF
28416,OP4919,"","3411",3,640082,FFFFFF
29008,OP4919,"","3440",3,A50034,FFFFFF
28418,OP4919,"","3424",3,FFBE00,000000
28419,OP4919,"","3420",3,FF1400,FFFFFF
28420,OP4919,"","3423",3,00643C,FFFFFF
28421,OP4919,"","3425",3,82DC73,000000
29272,OP4919,"","3427",3,A50034,FFFFFF
28423,OP4919,"","3426",3,FFBE00,000000
22476,OP4919,"","N137",3,3C91DC,FFFFFF
28424,OP4919,"","3452",3,D282BE,000000
28425,OP4919,"","3417",3,FFBE00,000000
29009,OP4919,"","3447",3,82C8E6,000000
28426,OP4919,"","3418",3,00643C,FFFFFF
28413,OP4919,"","3408",3,0055C8,FFFFFF
31912,OP4919,"Soir","Soir Fontainebleau Avon",3,652C8F,FFFFFF
32183,OP4919,"Soir","Soir Moret - Veneux les Sablons",3,652C8F,FFFFFF
28389,OP4919,"","3441",3,82DC73,000000
29633,OP2685,"","7715",3,3C91DC,FFFFFF
29634,OP2685,"","3751",3,640082,FFFFFF
29635,OP2685,"","3755",3,FF82B4,000000
29661,OP2685,"","3779",3,82DC73,000000
29662,OP2685,"","3775",3,6E491E,FFFFFF
29636,OP2685,"","3703",3,FFBE00,000000
29637,OP2685,"","3753",3,00643C,FFFFFF
29638,OP2685,"","3711",3,640082,FFFFFF
29639,OP2685,"","3712",3,FF1400,FFFFFF
29640,OP2685,"","3713",3,00643C,FFFFFF
29641,OP2685,"","3734",3,FF5A00,000000
29643,OP2685,"","3737",3,82C8E6,000000
33595,OP2685,"","3741",3,640082,FFFFFF
29645,OP2685,"","3742",3,FF1400,FFFFFF
29646,OP2685,"","3743",3,00643C,FFFFFF
29647,OP2685,"","3744",3,FF5A00,000000
15538,OP2685,"","Tzen1",3,D2D200,000000
29663,OP2685,"","3774",3,A0006E,FFFFFF
30691,OP2685,"","3722",3,FF1400,FFFFFF
29651,OP2685,"","3725",3,00643C,FFFFFF
29652,OP2685,"","3724",3,FF1400,FFFFFF
29653,OP2685,"","3726",3,FFBE00,000000
30692,OP2685,"","3723",3,00643C,FFFFFF
29655,OP2685,"","3732",3,FF1400,FFFFFF
33596,OP2685,"","3735",3,FF82B4,000000
29656,OP2685,"","3733",3,00643C,FFFFFF
29657,OP2685,"","3705",3,640082,FFFFFF
29684,OP2685,"","3773",3,FF82B4,000000
29665,OP2685,"","3776",3,FFBE00,000000
29659,OP2685,"","3727",3,82C8E6,000000
29685,OP2685,"","3752",3,FFBE00,000000
29660,OP2685,"","3754",3,FF5A00,000000
29648,OP2685,"","3714",3,FF5A00,000000
29658,OP2685,"","3702",3,D282BE,000000
29505,OP2685,"","3772",3,82C8E6,000000
29642,OP2685,"","3736",3,FFBE00,000000
29649,OP2685,"","3704",3,640082,FFFFFF
29503,OP2685,"","3771",3,A50034,FFFFFF
29664,OP2685,"","3778",3,00A092,FFFFFF
29504,OP2685,"","3777",3,0055C8,FFFFFF
32341,OP5513,"","5332",3,F78F4B,000000
30443,OP5513,"","5209",3,87D3DF,000000
30444,OP5513,"","5213",3,F59EB3,000000
30400,OP5513,"","7806",3,4D90CD,FFFFFF
30401,OP5513,"","5367",3,4D90CD,FFFFFF
30402,OP5513,"","5314",3,78C696,000000
32342,OP5513,"","5341",3,006DB8,FFFFFF
30446,OP5513,"","5270",3,F78F4B,000000
30447,OP5513,"","5271",3,CEC92B,000000
30448,OP5513,"","5299",3,662D91,FFFFFF
30501,OP5513,"","5299",3,662D91,FFFFFF
30449,OP5513,"","5211",3,9B993B,FFFFFF
30450,OP5513,"","5212",3,CEC92B,000000
32343,OP5513,"","5311",3,F59EB3,000000
30451,OP5513,"","5233",3,E0B03B,000000
30405,OP5513,"","5334",3,662D91,FFFFFF
32344,OP5513,"","5325",3,006DB8,FFFFFF
30452,OP5513,"","5208",3,008C5A,FFFFFF
30407,OP5513,"","7810",3,4D90CD,FFFFFF
30408,OP5513,"","7811",3,4D90CD,FFFFFF
30453,OP5513,"","5215",3,9B993B,FFFFFF
32349,OP5513,"","5318",3,B80C4B,FFFFFF
30410,OP5513,"","5320",3,662D91,FFFFFF
30454,OP5513,"","5224",3,E0B03B,000000
30455,OP5513,"","5225",3,BB4B9B,FFFFFF
30456,OP5513,"","5226",3,B80C4B,FFFFFF
30457,OP5513,"","5269",3,ED1C2A,FFFFFF
30458,OP5513,"","5230",3,00B397,FFFFFF
30414,OP5513,"","5333",3,B80C4B,FFFFFF
30395,OP5513,"","5323",3,C5A3CD,000000
30459,OP5513,"","5295",3,F59EB3,000000
30416,OP5513,"","5315",3,8E6539,FFFFFF
30417,OP5513,"","5327",3,006DB8,FFFFFF
30396,OP5513,"","5312",3,BB4B9B,FFFFFF
30397,OP5513,"","5324",3,006DB8,FFFFFF
30460,OP5513,"","5214",3,87D3DF,000000
30461,OP5513,"","5201",3,CEC92B,000000
30462,OP5513,"","5219",3,C5A3CD,000000
30463,OP5513,"","5206",3,FFCD03,000000
30465,OP5513,"","5232",3,BB4B9B,FFFFFF
32345,OP5513,"","5313",3,006DB8,FFFFFF
30466,OP5513,"","5252",3,CEC92B,000000
32346,OP5513,"","5363",3,662D91,FFFFFF
30422,OP5513,"","5347",3,9B993B,FFFFFF
30423,OP5513,"","5359",3,ED1C2A,FFFFFF
32347,OP5513,"","5337",3,B80C4B,FFFFFF
30467,OP5513,"","5282",3,ED1C2A,FFFFFF
30468,OP5513,"","5283",3,F78F4B,000000
30469,OP5513,"","5284",3,FFCD03,000000
30470,OP5513,"","5285",3,E0B03B,000000
30471,OP5513,"","5286",3,8E6539,FFFFFF
30472,OP5513,"","5287",3,CEC92B,000000
30473,OP5513,"","5291",3,9B993B,FFFFFF
30474,OP5513,"","5292",3,008C5A,FFFFFF
30475,OP5513,"","5293",3,78C696,000000
30790,OP5513,"","5294",3,00B397,FFFFFF
30477,OP5513,"","5279",3,F78F4B,000000
30478,OP5513,"","5242",3,8E6539,FFFFFF
30479,OP5513,"","5281",3,E0B03B,000000
30425,OP5513,"","5330",3,ED1C2A,FFFFFF
30480,OP5513,"","5290",3,006DB8,FFFFFF
30481,OP5513,"","5227",3,008C5A,FFFFFF
30482,OP5513,"","5228",3,78C696,000000
30483,OP5513,"","5236",3,BB4B9B,FFFFFF
30484,OP5513,"","5278",3,ED1C2A,FFFFFF
30428,OP5513,"","5340",3,BB4B9B,FFFFFF
29932,OP5513,"","N122",3,3C91DC,FFFFFF
29010,OP5513,"","N161",3,0A0082,FFFFFF
30485,OP5513,"","5253",3,006DB8,FFFFFF
30486,OP5513,"","5267",3,9B993B,FFFFFF
30487,OP5513,"","5277",3,CEC92B,000000
30429,OP5513,"","5307",3,00B397,FFFFFF
30488,OP5513,"","5288",3,8E6539,FFFFFF
30430,OP5513,"","7812",3,4D90CD,FFFFFF
30431,OP5513,"","5349",3,F78F4B,000000
30489,OP5513,"","5249",3,F78F4B,000000
30490,OP5513,"","5259",3,F59EB3,000000
30432,OP5513,"","5379",3,87D3DF,000000
30491,OP5513,"","5216",3,00B397,FFFFFF
30492,OP5513,"","5221",3,F59EB3,000000
32348,OP5513,"","5342",3,C5A3CD,000000
30493,OP5513,"","5231",3,FFCD03,000000
30494,OP5513,"","5235",3,E0B03B,000000
32350,OP5513,"","5338",3,8E6539,FFFFFF
30495,OP5513,"","5240",3,662D91,FFFFFF
30496,OP5513,"","5241",3,F59EB3,000000
30497,OP5513,"","5245",3,662D91,FFFFFF
30435,OP5513,"","5348",3,FFCD03,000000
30498,OP5513,"","5251",3,F78F4B,000000
30436,OP5513,"","5355",3,E0B03B,000000
30499,OP5513,"","5298",3,662D91,FFFFFF
30437,OP5513,"","5317",3,CEC92B,000000
30758,OP5513,"","5310",3,87D3DF,000000
30500,OP5513,"","5237",3,008C5A,FFFFFF
32351,OP5513,"","5328",3,F78F4B,000000
30439,OP5513,"","5371",3,F78F4B,000000
30440,OP5513,"","5343",3,C5A3CD,000000
30441,OP5513,"","5322",3,FFCD03,000000
25090,OP5513,"","N162",3,3C91DC,FFFFFF
25091,OP5513,"","N160",3,6E491E,FFFFFF
32352,OP5513,"Soir","Soir Saint-Rémy",3,652C8F,FFFFFF
29934,OP5513,"Soir","Soir Rambouillet",3,640082,FFFFFF
30442,OP5513,"","7817",3,4D90CD,FFFFFF
29935,OP5513,"","5297",3,BB4B9B,FFFFFF
30132,OP5513,"","5296",3,C5A3CD,000000
30411,OP5513,"","5301",3,ED1C2A,FFFFFF
30412,OP5513,"","5302",3,006DB8,FFFFFF
30413,OP5513,"","5303",3,F78F4B,000000
29999,OP5513,"","5304",3,C5A3CD,000000
30464,OP5513,"","5289",3,B80C4B,FFFFFF
17591,OP79,"","34",3,3C91DC,FFFFFF
28427,OP79,"","3503",3,D282BE,000000
28431,OP79,"","3530",3,FF1400,FFFFFF
28432,OP79,"","3534",3,82C8E6,000000
32184,OP79,"","3540",3,6E6E00,FFFFFF
28434,OP79,"","3543",3,00643C,FFFFFF
28435,OP79,"","3510",3,FF82B4,000000
32185,OP79,"","3515",3,82C8E6,000000
28437,OP79,"","3518",3,FF5A00,000000
28439,OP79,"","3544",3,FF1400,FFFFFF
28428,OP79,"","3501",3,DC9600,000000
32186,OP79,"","3502",3,82DC73,000000
28430,OP79,"","3504",3,FF5A00,000000
28440,OP79,"","3505",3,0055C8,FFFFFF
28441,OP79,"","3550",3,00A092,FFFFFF
28546,OP79,"","3556",3,6E491E,FFFFFF
28443,OP79,"","3557",3,640082,FFFFFF
28445,OP79,"","3532",3,640082,FFFFFF
28447,OP79,"","3535",3,0055C8,FFFFFF
28448,OP79,"","3541",3,6E491E,FFFFFF
28449,OP79,"","3506",3,6E491E,FFFFFF
28547,OP79,"","3542",3,82DC73,FFFFFF
28451,OP79,"","3511",3,D282BE,000000
28452,OP79,"","3512",3,A0006E,FFFFFF
32187,OP79,"","3513",3,640082,FFFFFF
28454,OP79,"","3516",3,00A092,FFFFFF
28455,OP79,"","3517",3,0055C8,FFFFFF
28456,OP79,"","3519",3,FF1400,FFFFFF
28457,OP79,"","3537",3,6E491E,FFFFFF
28458,OP79,"","3546",3,FF5A00,FFFFFF
28459,OP79,"","3514",3,FFBE00,000000
28460,OP79,"","3547",3,FFBE00,000000
28461,OP79,"","3559",3,3C91DC,FFFFFF
30593,OP79,"Soir","Soirée Nemours",3,652C8F,FFFFFF
28438,OP79,"","3536",3,00643C,FFFFFF
28444,OP79,"","3531",3,FF82B4,000000
28446,OP79,"","3533",3,D282BE,000000
23340,OP2665,"","1512",3,FFCC30,000000
23341,OP2665,"","1513",3,F38F53,000000
23345,OP2665,"","1514",3,B94E9A,FFFFFF
23344,OP2665,"","1537",3,65318F,FFFFFF
23349,OP2665,"","1521",3,F49FB3,000000
23350,OP2665,"","1516",3,EB2132,FFFFFF
23351,OP2665,"","1515",3,00B297,FFFFFF
23339,OP2665,"","1510",3,CEC73D,000000
23342,OP2665,"","1511",3,006FB6,FFFFFF
23343,OP2665,"","1533",3,F49FB3,FFFFFF
23346,OP2665,"","1518",3,F49FB3,000000
23347,OP2665,"","1519",3,5091CB,FFFFFF
23348,OP2665,"","1520",3,8AD3DE,000000
19480,OP2665,"TàD","TàD Eaubonne Domont",3,FECB00,000000
27637,OP2665,"","1517",3,8D653D,FFFFFF
17559,OP2665,"","1527",3,9B9842,FFFFFF
25843,OP2665,"Soir","Soirée Écouen Ézanville",3,652C8F,FFFFFF
24485,OP4829,"","6217",3,FF5A00,000000
24497,OP4829,"","6283",3,640082,FFFFFF
24516,OP4829,"","6281",3,FFBE00,000000
24500,OP4829,"","6241",3,FF5A00,000000
24486,OP4829,"","6201",3,FF1400,FFFFFF
24487,OP4829,"","6202",3,0055C8,FFFFFF
24488,OP4829,"","6203",3,00643C,FFFFFF
24501,OP4829,"","6204",3,FF5A00,000000
24502,OP4829,"","6205",3,A0006E,FFFFFF
24503,OP4829,"","6206",3,00643C,FFFFFF
24504,OP4829,"","6207",3,6E491E,FFFFFF
24505,OP4829,"","6208",3,82DC73,000000
24507,OP4829,"","6213",3,640082,FFFFFF
24492,OP4829,"","6227",3,FF1400,FFFFFF
27638,OP4829,"","6231",3,82C8E6,000000
24518,OP4829,"","6280",3,3C91DC,FFFFFF
24493,OP4829,"","6230",3,00A092,FFFFFF
24494,OP4829,"","6240",3,FF82B4,000000
24511,OP4829,"","6253",3,8FFFE0,000000
24512,OP4829,"","6254",3,FF82B4,000000
24514,OP4829,"","6246",3,A0006E,FFFFFF
24496,OP4829,"","6214",3,3C91DC,FFFFFF
24515,OP4829,"","6288",3,D282BE,000000
24510,OP4829,"","6276",3,DEB41B,000000
24517,OP4829,"","6282",3,6E491E,FFFFFF
24498,OP4829,"","6211",3,00643C,FFFFFF
24499,OP4829,"","6287",3,BD0066,FFFFFF
24506,OP4829,"","6209",3,FF82B4,000000
24489,OP4829,"","6210",3,FFBE00,000000
24490,OP4829,"","6285",3,FF82B4,000000
24491,OP4829,"","6286",3,6E6E00,FFFFFF
24495,OP4829,"","6284",3,6E6E00,FFFFFF
24508,OP4829,"","6216",3,640082,FFFFFF
24519,OP4829,"","6243",3,D2D200,000000
24509,OP4829,"","6251",3,3C91E6,FFFFFF
24513,OP4829,"","6252",3,82DC73,000000
15846,OP2840,"95-23","95-23 (future 1115)",3,C27BA0,FFFFFF
14722,OP2840,"95-05","95-05 (future 1101)",3,0000FF,FFFFFF
5359,OP2840,"95-07","95-07 (future 1102)",3,BFFF00,000000
14723,OP2840,"95-08","95-08 (future 1103)",3,00A6FF,000000
14724,OP2840,"95-16","95-16 (future 1113)",3,80331B,FFFFFF
15382,OP2840,"95-04","95-04 (future 9504)",3,3BB2FF,FFFFFF
15383,OP2840,"95-41","95-41 (future 1116)",3,0055C8,FFFFFF
20696,OP2840,"","N154",3,FEDF53,000000
33534,OP2840,"95-06","95-06 (future 1110)",3,B36B24,FFFFFF
14727,OP2840,"95-12","95-12 (future 1112)",3,FF80FF,000000
18581,OP2840,"95-48","95-48 (future 1117)",3,AAAAAA,000000
15928,OP2840,"95-49","95-49 (future 1118)",3,FF5A00,FFFFFF
15845,OP2840,"95-22","95-22 (future 1114)",3,0D99BF,FFFFFF
20530,OP2840,"","N150",3,ED1B2A,FFFFFF
20695,OP2840,"","N152",3,ED1B2A,FFFFFF
15949,OP2840,"95-24","95-24 (future 1130)",3,9696DC,FFFFFF
15950,OP2840,"95-25","95-25 (future 1131)",3,A20951,FFFFFF
33531,OP2840,"95-11","95-11 (future 1111)",3,E43F8E,000000
33532,OP2840,"95-42","95-42 (future 1137)",3,82C8E6,000000
33533,OP2840,"95-43","95-43 (future 1138)",3,D282BE,000000
15955,OP2840,"95-45","95-45 (future 1140)",3,D2D200,000000
15956,OP2840,"95-46","95-46 (future 1141)",3,6E6E00,FFFFFF
15957,OP2840,"95-47","95-47 (future 1142)",3,00643C,FFFFFF
15958,OP2840,"95-31","95-31 (future 1132)",3,D978FF,000000
15959,OP2840,"95-32","95-32 (future 1133)",3,FF3399,000000
15961,OP2840,"95-34","95-34 (future 1135)",3,00E84F,000000
15962,OP2840,"95-35","95-35 (future 1136)",3,FFA61A,000000
15964,OP2840,"95-50","95-50 (future 1143)",3,FFBE00,FFFFFF
33535,OP2840,"","1104",3,00A092,FFFFFF
33536,OP2840,"","9514",3,3C91DC,FFFFFF
33537,OP2840,"","9513",3,3C91DC,FFFFFF
15954,OP2840,"95-44","95-44 (future 1139)",3,FF82B4,000000
15960,OP2840,"95-33","95-33 (future 1134)",3,00FFB3,000000
14738,OP4357,"","1",3,00814F,FFFFFF
14739,OP4357,"","15",3,0064B0,FFFFFF
22310,OP4357,"","39",3,F28F42,000000
27923,OP4357,"","43",3,C04191,FFFFFF
14749,OP4357,"","45",3,F3A4BA,000000
15391,OP4357,"","607",3,F28E43,000000
15392,OP4357,"","609",3,C04191,FFFFFF
15393,OP4357,"","610",3,CEADD2,000000
10153,OP4357,"","615",3,83C491,000000
1816,OP4357,"","616",3,0064B0,FFFFFF
22311,OP4357,"","617",3,F3A4BA,000000
23992,OP4357,"","612",3,640082,FFFFFF
20032,OP4357,"","702",3,3BB2FF,000000
14675,OP4357,"","703",3,3BB2FF,000000
10157,OP4357,"","618",3,E3B32A,000000
22312,OP4357,"","619",3,83C491,000000
15395,OP4357,"","620",3,00814F,FFFFFF
22313,OP4357,"","642",3,0064B0,FFFFFF
16634,OP4357,"","T'bus 1",3,E3051B,FFFFFF
22314,OP4357,"","T'bus 2",3,FECE00,000000
23009,OP4357,"","T'bus 3",3,0064B0,FFFFFF
1823,OP4357,"","637",3,F3A4BA,000000
23629,OP4159,"","D",3,0077BA,FFFFFF
19571,OP4159,"","L",3,A74FFF,FFFFFF
19578,OP4159,"","T",3,ED2553,FFFFFF
23728,OP4159,"","W",3,AAAAAA,000000
16773,OP4392,"CDG","Magical Shuttle CDG",3,3BB2FF,000000
16774,OP4392,"Orly","Magical Shuttle Orly",3,3BB2FF,000000
19568,OP4159,"","G",3,B51F1F,FFFFFF
33399,OP2732,"","N1",3,DF3A82,FFFFFF
14654,OP2732,"","CDG VAL",0,5CC5ED,000000
14655,OP2732,"","N2",3,6CA513,FFFFFF
19637,OP4159,"","B",3,E50051,FFFFFF
19567,OP4159,"","C",3,951B81,FFFFFF
19569,OP4159,"","J",3,F4C000,000000
14936,OP4159,"","M",3,80FF00,000000
27457,OP4159,"","O",3,FF6600,000000
19636,OP4159,"","A",3,EE7D00,FFFFFF
19570,OP4159,"","H",3,253B82,FFFFFF
19574,OP4159,"","P",3,2DA445,FFFFFF
19575,OP4159,"","E",3,8BC63F,FFFFFF
19576,OP4159,"","Y",3,ED165A,FFFFFF
19577,OP4159,"","Z",3,F3BE27,FFFFFF
19579,OP4159,"","U",3,0E8344,FFFFFF
19580,OP4159,"","V",3,646AB1,FFFFFF
19638,OP4159,"","Q",3,A3B1E4,FFFFFF
25378,OP4159,"","F",3,77623A,FFFFFF
20267,OP4159,"","K",3,41A776,FFFFFF
20631,OP4392,"Selected","Magical Shuttle Selected",3,1AC7FF,000000
23729,OP4159,"","R",3,E06666,FFFFFF
15314,OP2660,"","B",2,5091CB,FFFFFF
15323,OP2660,"","A",2,EB2132,FFFFFF
15301,OP2703,"","K",2,9B9842,FFFFFF
